<request version="1.00">
   <managedTransfer>
      <originator>
         <hostName>lintb001p.tjx.com</hostName>
         <userID>wmbrkadm</userID>
      </originator>
      <sourceAgent QMgr="ESBAG01P" agent="ESSB.AGENTP01"/>
      <destinationAgent QMgr="ESBAG01P" agent="EBS.AGENTP01"/>
      <reply QMGR="INTBK301P">QA.IN.FTE.RESPONSE</reply>
      <transferSet>
         <metaDataSet>
            <metaData key="TransferID">10004</metaData>
            <metaData key="ESPJob">RXHER41P</metaData>
            <metaData key="Chain"/>
         </metaDataSet>
         <item checksumMethod="MD5" mode="text">
            <source disposition="delete" type="file">
               <file>/tjx/exalytics/oraprod/Planning/EXPORT/OP_CORP_Pick/OP_CORP_EBS_LOAD.txt</file>
            </source>
            <destination exist="overwrite" type="file">
               <file EOL="LF">OP_CORP_EBS_LOAD.txt</file>
               <folder>/tjx/prod/applbin/fs_ne/custom/data/gl/in/xxtjxglbdgtimpopcorp/tmp/</folder>
            </destination>
         </item>
      </transferSet>
      <job>
         <name>RXHER41P</name>
      </job>
      <transferType>FileToFile</transferType>
   </managedTransfer>
</request>
