<request version="1.00">
   <managedTransfer>
      <originator>
         <hostName>lintb001p.tjx.com</hostName>
         <userID>wmbrkadm</userID>
      </originator>
      <sourceAgent QMgr="ESBAG01P" agent="EBS.AGENTP01"/>
      <destinationAgent QMgr="ESBAG01P" agent="DRM.AGENTP01"/>
      <reply QMGR="INTBK301P">QA.IN.FTE.RESPONSE</reply>
      <transferSet>
         <metaDataSet>
            <metaData key="TransferID">10011</metaData>
            <metaData key="ESPJob">RXFND36P</metaData>
            <metaData key="Chain"/>
         </metaDataSet>
         <item checksumMethod="MD5" mode="text">
            <source disposition="delete" type="file">
               <file>/tjx/prod/applbin/fs_ne/custom/data/gl/out/xxtjxebsdrmfl/tmp/EBStoDRMLocationFullBlend.txt.*</file>
            </source>
            <destination exist="overwrite" type="file">
               <file EOL="CRLF">EBStoDRMLocationFullBlend.txt</file>
               <folder>D:\DRM\Jobs\Imports\EBS\Location\</folder>
            </destination>
         </item>
      </transferSet>
      <job>
         <name>RXFND36P</name>
      </job>
      <transferType>FileToFile</transferType>
   </managedTransfer>
</request>
