<request version="1.00">
   <managedTransfer>
      <originator>
         <hostName>lintb001p.tjx.com</hostName>
         <userID>wmbrkadm</userID>
      </originator>
      <sourceAgent QMgr="ESBAG01P" agent="EBS.AGENTP01"/>
      <destinationAgent QMgr="ESBAG01P" agent="TKM.AGENTP01"/>
      <reply QMGR="INTBK301P">QA.IN.FTE.RESPONSE</reply>
      <transferSet>
         <metaDataSet>
            <metaData key="TransferID">10120</metaData>
            <metaData key="ESPJob">10120</metaData>
            <metaData key="Chain"/>
         </metaDataSet>
         <item checksumMethod="MD5" mode="binary">
            <source disposition="delete" type="file">
               <file>/tjx/prod/applbin/fs_ne/custom/data/ap/out/xxtjxeumpremitadvout/tmp/Remittances.csv_*</file>
            </source>
            <destination exist="error" type="file">
               <file EOL="CRLF">Remittances.csv</file>
               <folder>\\wat1sfsm01p\TKM Bottom Line Prod\TKMBOTTOMLINEPRODBACS\</folder>
            </destination>
         </item>
      </transferSet>
      <job>
         <name>10120</name>
      </job>
      <transferType>FileToFile</transferType>
   </managedTransfer>
</request>
