<request version="1.00">
   <managedTransfer>
      <originator>
         <hostName>lintb001p.tjx.com</hostName>
         <userID>wmbrkadm</userID>
      </originator>
      <sourceAgent QMgr="ESBAG01P" agent="MAT.AGENTP01"/>
      <destinationAgent QMgr="FTA1" agent="FTA1.AGENTP01"/>
      <reply QMGR="INTBK301P">QA.IN.FTE.RESPONSE</reply>
      <transferSet>
         <metaDataSet>
            <metaData key="TransferID">10137</metaData>
            <metaData key="ESPJob"/>
            <metaData key="Chain"/>
         </metaDataSet>
         <item checksumMethod="MD5" mode="text">
            <source disposition="leave" type="file">
               <file EOL="LF">\\wpom001p\PurgeShare\EQ.PO.QPO1521M</file>
            </source>
            <destination exist="overwrite" type="dataset">
               <file>//'EQ.PO.QPO1521M';DSORG(PS);RECFM(F,B);BLKSIZE(23440);LRECL(80);TRACKS;SPACE(100,10)</file>
            </destination>
         </item>
      </transferSet>
      <job>
         <name/>
      </job>
      <transferType>FileToDataSet</transferType>
   </managedTransfer>
</request>
