<request version="1.00">
   <managedTransfer>
      <originator>
         <hostName>lintb001p.tjx.com</hostName>
         <userID>wmbrkadm</userID>
      </originator>
      <sourceAgent QMgr="ESBAG01P" agent="EBS.AGENTP01"/>
      <destinationAgent QMgr="ESBAG01P" agent="MAT.AGENTP01"/>
      <reply QMGR="INTBK301P">QA.IN.FTE.RESPONSE</reply>
      <transferSet>
         <metaDataSet>
            <metaData key="TransferID">10145</metaData>
            <metaData key="ESPJob">RLHRD93P</metaData>
            <metaData key="Chain"/>
         </metaDataSet>
         <item checksumMethod="none" mode="text">
            <source disposition="delete" type="file">
               <file>/tjx/prod/applbin/fs_ne/custom/data/per/out/xxtjxpercaxmextractout/tmp/Alex.User.Group.txt.*</file>
            </source>
            <destination exist="overwrite" type="file">
               <file EOL="LF">NA</file>
               <folder>\\msf1vxms01p\XM\xmdbtool\Data\Upload\online\import\nonCC\data\</folder>
            </destination>
         </item>
      </transferSet>
      <job>
         <name>RLHRD93P</name>
      </job>
      <transferType>FileToFile</transferType>
   </managedTransfer>
</request>
