<request version="1.00">
   <managedTransfer>
      <originator>
         <hostName>lintb001p.tjx.com</hostName>
         <userID>wmbrkadm</userID>
      </originator>
      <sourceAgent QMgr="ESBAG01P" agent="INF.AGENTP01"/>
      <destinationAgent QMgr="ESBAG01P" agent="TKM.AGENTP01"/>
      <reply QMGR="INTBK301P">QA.IN.FTE.RESPONSE</reply>
      <transferSet>
         <metaDataSet>
            <metaData key="TransferID">10151</metaData>
            <metaData key="ESPJob">RQCUD18P</metaData>
            <metaData key="Chain"/>
         </metaDataSet>
         <item checksumMethod="MD5" mode="text">
            <source disposition="delete" type="file">
               <file>/tjx/iisNAS/data/enttjx/cstm/tjxe/output/Datastage_Ricardo_Product_C2_R18_*.txt</file>
            </source>
            <destination exist="error" type="file">
               <file EOL="CRLF">NA</file>
               <folder>\\wat1vcus01P\Inbound\Staging\Company2\</folder>
            </destination>
         </item>
      </transferSet>
      <job>
         <name>RQCUD18P</name>
      </job>
      <transferType>FileToFile</transferType>
   </managedTransfer>
</request>
