<request version="1.00">
   <managedTransfer>
      <originator>
         <hostName>lintb001p.tjx.com</hostName>
         <userID>wmbrkadm</userID>
      </originator>
      <sourceAgent QMgr="ESBAG01P" agent="ITIM.AGENTP01"/>
      <destinationAgent QMgr="ESBAG01P" agent="MAT.AGENTP01"/>
      <reply QMGR="INTBK301P">QA.IN.FTE.RESPONSE</reply>
      <transferSet>
         <metaDataSet>
            <metaData key="TransferID">10169</metaData>
            <metaData key="ESPJob">RNITD17P</metaData>
            <metaData key="Chain"/>
         </metaDataSet>
         <item checksumMethod="MD5" mode="binary">
            <source disposition="delete" type="file">
               <file>/opt/IBM/ITDISolutions/ITIM_Person_Dump_SM_*.csv</file>
            </source>
            <destination exist="overwrite" type="file">
               <file EOL="CRLF">NA</file>
               <folder>\\MSF1VSCN01P\ITIM-DATA-FEED\</folder>
            </destination>
         </item>
      </transferSet>
      <job>
         <name>RNITD17P</name>
      </job>
      <transferType>FileToFile</transferType>
   </managedTransfer>
</request>
