<request version="1.00">
   <managedTransfer>
      <originator>
         <hostName>lintb001p.tjx.com</hostName>
         <userID>wmbrkadm</userID>
      </originator>
      <sourceAgent QMgr="ESBAG01P" agent="DWH.AGENTP01"/>
      <destinationAgent QMgr="ESBAG01P" agent="MAT.AGENTP01"/>
      <reply QMGR="INTBK301P">QA.IN.FTE.RESPONSE</reply>
      <transferSet>
         <metaDataSet>
            <metaData key="TransferID">10181</metaData>
            <metaData key="ESPJob"/>
            <metaData key="Chain"/>
         </metaDataSet>
         <item checksumMethod="MD5" mode="text">
            <source disposition="leave" type="file">
               <file>/tjx/tjx/prod/dwsc/ftpout/wfm/LCDW_Sales_Dollars/*.txt</file>
            </source>
            <destination exist="overwrite" type="file">
               <file EOL="CRLF">NA</file>
               <folder>\\smbp.corp.tjxcorp.net\Kronos_WFC\Kronos_US_Prod\POS_IMPORT\INCOMING\SALES_DOLLARS\</folder>
            </destination>
         </item>
      </transferSet>
      <job>
         <name/>
      </job>
      <transferType>FileToFile</transferType>
   </managedTransfer>
</request>
