<request version="1.00">
   <managedTransfer>
      <originator>
         <hostName>lintb001p.tjx.com</hostName>
         <userID>wmbrkadm</userID>
      </originator>
      <sourceAgent QMgr="ESBAG01P" agent="EBS.AGENTP01"/>
      <destinationAgent QMgr="ESBAG01P" agent="MAT.AGENTP01"/>
      <reply QMGR="INTBK301P">QA.IN.FTE.RESPONSE</reply>
      <transferSet>
         <metaDataSet>
            <metaData key="TransferID">10186</metaData>
            <metaData key="ESPJob">RXHRD69P</metaData>
            <metaData key="Chain"/>
         </metaDataSet>
         <item checksumMethod="MD5" mode="binary">
            <source disposition="delete" type="file">
               <file>/tjx/prod/applbin/fs_ne/custom/data/per/out/xxtjxperkronoshrextr/tmp/US_Non_Stores_Employee*.csv_*</file>
            </source>
            <destination exist="overwrite" type="file">
               <file EOL="CRLF">NA</file>
               <folder>\\smbp.corp.tjxcorp.net\Kronos_DC\Kronos_DC_Prod\US Non Stores\EMPLOYEE\</folder>
            </destination>
         </item>
      </transferSet>
      <job>
         <name>RXHRD69P</name>
      </job>
      <transferType>FileToFile</transferType>
   </managedTransfer>
</request>
