<request version="1.00">
   <managedTransfer>
      <originator>
         <hostName>lintb001p.tjx.com</hostName>
         <userID>wmbrkadm</userID>
      </originator>
      <sourceAgent QMgr="ESBAG01P" agent="MAT.AGENTP01"/>
      <destinationAgent QMgr="ESBAG01P" agent="MAT.AGENTP01"/>
      <reply QMGR="INTBK301P">QA.IN.FTE.RESPONSE</reply>
      <transferSet>
         <metaDataSet>
            <metaData key="TransferID">10193</metaData>
            <metaData key="ESPJob"/>
            <metaData key="Chain"/>
         </metaDataSet>
         <item checksumMethod="MD5" mode="text">
            <source disposition="delete" type="file">
               <file>\\fra1vnts04p.store.tjxcorp.net\KronosForms\Export\EFORMS_CHAIN_08_*_TO_KRONOS*.csv</file>
            </source>
            <destination exist="overwrite" type="file">
               <file EOL="LF">NA</file>
               <folder>\\smbp.corp.tjxcorp.net\Kronos_WFC\Kronos_US_Prod\MMX_EFORMS_Custom_Driver_Import\INCOMING\</folder>
            </destination>
         </item>
      </transferSet>
      <job>
         <name/>
      </job>
      <transferType>FileToFile</transferType>
   </managedTransfer>
</request>
