<request version="1.00">
   <managedTransfer>
      <originator>
         <hostName>lintb001p.tjx.com</hostName>
         <userID>wmbrkadm</userID>
      </originator>
      <sourceAgent QMgr="ESBAG01P" agent="MAT.AGENTP01"/>
      <destinationAgent QMgr="ESBAG01P" agent="MAT.AGENTP01"/>
      <reply QMGR="INTBK301P">QA.IN.FTE.RESPONSE</reply>
      <transferSet>
         <metaDataSet>
            <metaData key="TransferID">10197</metaData>
            <metaData key="ESPJob">RNWFW47P</metaData>
            <metaData key="Chain"/>
         </metaDataSet>
         <item checksumMethod="MD5" mode="text">
            <source disposition="leave" type="file">
               <file>\\smbp.corp.tjxcorp.net\Kronos_WFC\Kronos_US_Prod\MMX_EFORMS_Custom_Driver_Export\OUTPUT\EFORMS_CHAIN_08_MARKDOWNS_CD_EXPORT.csv</file>
            </source>
            <destination exist="overwrite" type="file">
               <file EOL="LF">EFORMS_CHAIN_08_MARKDOWNS_CD_EXPORT.csv</file>
               <folder>\\fra1vnts04p.store.tjxcorp.net\KronosForms\Import\</folder>
            </destination>
         </item>
      </transferSet>
      <job>
         <name>RNWFW47P</name>
      </job>
      <transferType>FileToFile</transferType>
   </managedTransfer>
</request>
