<request version="1.00">
   <managedTransfer>
      <originator>
         <hostName>lintb001p.tjx.com</hostName>
         <userID>wmbrkadm</userID>
      </originator>
      <sourceAgent QMgr="FTA1" agent="FTA1.AGENTP01"/>
      <destinationAgent QMgr="ESBAG01P" agent="IFD.AGENTP01"/>
      <reply QMGR="INTBK301P">QA.IN.FTE.RESPONSE</reply>
      <transferSet>
         <metaDataSet>
            <metaData key="TransferID">10238</metaData>
            <metaData key="ESPJob">RQRRD60P</metaData>
            <metaData key="Chain"/>
         </metaDataSet>
         <item checksumMethod="MD5" mode="binary">
            <source disposition="leave" type="file">
               <file>//'PQ.SA.QSA1491D(0)'</file>
            </source>
            <destination exist="error" type="file">
               <file EOL="LF">PQ.SA.QSA1491D_%CDateFormatString:MMddyyyy%.DAT%</file>
               <folder>/tjx/iisNAS/data/rmsint/sales_data/pos/source/</folder>
            </destination>
         </item>
      </transferSet>
      <job>
         <name>RQRRD60P</name>
      </job>
      <transferType>DataSetToFile</transferType>
   </managedTransfer>
</request>
