<request version="1.00">
   <managedTransfer>
      <originator>
         <hostName>lintb001p.tjx.com</hostName>
         <userID>wmbrkadm</userID>
      </originator>
      <sourceAgent QMgr="ESBAG01P" agent="TKM.AGENTP01"/>
      <destinationAgent QMgr="ESBAG01P" agent="IFD.AGENTP01"/>
      <reply QMGR="INTBK301P">QA.IN.FTE.RESPONSE</reply>
      <transferSet>
         <metaDataSet>
            <metaData key="TransferID">10242</metaData>
            <metaData key="ESPJob">RQDHD15P</metaData>
            <metaData key="Chain"/>
         </metaDataSet>
         <item checksumMethod="MD5" mode="text">
            <source disposition="delete" type="file">
               <file>\\WAT1VFTP01P\CommonSchema\Inbound\Venda\ecomsale*.csv</file>
            </source>
            <destination exist="error" type="file">
               <file EOL="LF">NA</file>
               <folder>/tjx/iisNAS/data/rmsint/sales_data/ecomm/source/</folder>
            </destination>
         </item>
      </transferSet>
      <job>
         <name>RQDHD15P</name>
      </job>
      <transferType>FileToFile</transferType>
   </managedTransfer>
</request>
