<request version="1.00">
   <managedTransfer>
      <originator>
         <hostName>lintb001p.tjx.com</hostName>
         <userID>wmbrkadm</userID>
      </originator>
      <sourceAgent QMgr="FTA1" agent="FTA1.AGENTP01"/>
      <destinationAgent QMgr="ESBAG01P" agent="SCM.AGENT01P"/>
      <reply QMGR="INTBK301P">QA.IN.FTE.RESPONSE</reply>
      <transferSet>
         <metaDataSet>
            <metaData key="TransferID">10273</metaData>
            <metaData key="ESPJob">RQRRDJ3P</metaData>
            <metaData key="Chain"/>
         </metaDataSet>
         <item checksumMethod="MD5" mode="binary">
            <source disposition="leave" type="file">
               <file>//'PQ.RP.DC801.QRP0531D(0)'</file>
            </source>
            <destination exist="error" type="file">
               <file EOL="LF">HoldingDistro_OS_801_%CDateFormatString:MMddyyyy%.dat%</file>
               <folder>/TJXDATA/PROD/data/inbound/INVENTORY_TRANSACTIONS/HOLDINGOVERSHORT/</folder>
            </destination>
         </item>
      </transferSet>
      <job>
         <name>RQRRDJ3P</name>
      </job>
      <transferType>DataSetToFile</transferType>
   </managedTransfer>
</request>
