<request version="1.00">
   <managedTransfer>
      <originator>
         <hostName>lintb001p.tjx.com</hostName>
         <userID>wmbrkadm</userID>
      </originator>
      <sourceAgent QMgr="ESBAG01P" agent="IFD.AGENTP01"/>
      <destinationAgent QMgr="ESBAG01P" agent="RMS.AGENTP01"/>
      <reply QMGR="INTBK301P">QA.IN.FTE.RESPONSE</reply>
      <transferSet>
         <metaDataSet>
            <metaData key="TransferID">10271</metaData>
            <metaData key="ESPJob">RQDHR33P</metaData>
            <metaData key="Chain"/>
         </metaDataSet>
         <item checksumMethod="MD5" mode="text">
            <source disposition="leave" type="file">
               <file>/tjx/iisNAS/data/rmsint/inventory_cnt/store/target/SC_Res_Upld_RMS_*.dat</file>
            </source>
            <destination exist="error" type="file">
               <file EOL="LF">NA</file>
               <folder>/tjx/rms-interface/data/rmseprod/data/inbound/stk_cnt_rslt/</folder>
            </destination>
         </item>
      </transferSet>
      <job>
         <name>RQDHR33P</name>
      </job>
      <transferType>FileToFile</transferType>
   </managedTransfer>
</request>
