<request version="1.00">
   <managedTransfer>
      <originator>
         <hostName>lintb001p.tjx.com</hostName>
         <userID>wmbrkadm</userID>
      </originator>
      <sourceAgent QMgr="ESBAG01P" agent="MAT.AGENTP01"/>
      <destinationAgent QMgr="ESBAG01P" agent="IFD.AGENTP01"/>
      <reply QMGR="INTBK301P">QA.IN.FTE.RESPONSE</reply>
      <transferSet>
         <metaDataSet>
            <metaData key="TransferID">10298</metaData>
            <metaData key="ESPJob">RXEID83P</metaData>
            <metaData key="Chain"/>
         </metaDataSet>
         <item checksumMethod="MD5" mode="text">
            <source disposition="leave" type="file">
               <file>D:\ImportsForecast\RefDefaultPODFilePortLoading.csv</file>
            </source>
            <destination exist="overwrite" type="file">
               <file EOL="LF">RefDefaultPODFilePortLoading.csv</file>
               <folder>/DataStage/data/PROD/Imports/ImportsForecast/</folder>
            </destination>
         </item>
      </transferSet>
      <job>
         <name>RXEID83P</name>
      </job>
      <transferType>FileToFile</transferType>
   </managedTransfer>
</request>
