<request version="1.00">
   <managedTransfer>
      <originator>
         <hostName>lintb001p.tjx.com</hostName>
         <userID>wmbrkadm</userID>
      </originator>
      <sourceAgent QMgr="ESBAG01P" agent="EBS.AGENTP01"/>
      <destinationAgent QMgr="ESBAG01P" agent="RPD.AGENTP01"/>
      <reply QMGR="INTBK301P">QA.IN.FTE.RESPONSE</reply>
      <transferSet>
         <metaDataSet>
            <metaData key="TransferID">10314</metaData>
            <metaData key="ESPJob">RXPRW85P</metaData>
            <metaData key="Chain"/>
         </metaDataSet>
         <item checksumMethod="MD5" mode="binary">
            <source disposition="delete" type="file">
               <file>/tjx/prod/applbin/fs_ne/custom/data/pay/out/xxtjxpaydepositadvout_tjm/tmp/TJX_ADVICE_TJM</file>
            </source>
            <destination exist="error" type="file">
               <file EOL="LF">TJX_ADVICE_TJM</file>
               <folder>/payrollrun/ebsprod/</folder>
            </destination>
         </item>
      </transferSet>
      <job>
         <name>RXPRW85P</name>
      </job>
      <transferType>FileToFile</transferType>
   </managedTransfer>
</request>
