<request version="1.00">
   <managedTransfer>
      <originator>
         <hostName>lintb001p.tjx.com</hostName>
         <userID>wmbrkadm</userID>
      </originator>
      <sourceAgent QMgr="FTA1" agent="FTA1.AGENTP01"/>
      <destinationAgent QMgr="ESBAG01P" agent="MAT.AGENTP01"/>
      <reply QMGR="INTBK301P">QA.IN.FTE.RESPONSE</reply>
      <transferSet>
         <metaDataSet>
            <metaData key="TransferID">10318</metaData>
            <metaData key="ESPJob">RXSEM12P</metaData>
            <metaData key="Chain"/>
         </metaDataSet>
         <item checksumMethod="MD5" mode="text">
            <source disposition="leave" type="file">
               <file keepTrailingSpaces="true">//'PX.SE.XSE4502M(0)'</file>
            </source>
            <destination exist="error" type="file">
               <file EOL="CRLF">Backups_%CDateFormatString:MM_dd_yyyy_HH_mm_ss%.csv%</file>
               <folder>\\msf1vsec01p\SOX Audit\ESP Reports\ESP Reports Prod\</folder>
            </destination>
         </item>
      </transferSet>
      <job>
         <name>RXSEM12P</name>
      </job>
      <transferType>DataSetToFile</transferType>
   </managedTransfer>
</request>
