<request version="1.00">
   <managedTransfer>
      <originator>
         <hostName>lintb001p.tjx.com</hostName>
         <userID>wmbrkadm</userID>
      </originator>
      <sourceAgent QMgr="ESBAG01P" agent="INF.AGENTP01"/>
      <destinationAgent QMgr="ESBAG01P" agent="MAT.AGENTP01"/>
      <reply QMGR="INTBK301P">QA.IN.FTE.RESPONSE</reply>
      <transferSet>
         <metaDataSet>
            <metaData key="TransferID">10398</metaData>
            <metaData key="ESPJob">RXITD19P</metaData>
            <metaData key="Chain"/>
         </metaDataSet>
         <item checksumMethod="none" mode="binary">
            <source disposition="delete" type="file">
               <file>/tjx/iisNAS/data/enttjx/osrrepl/output/OSR_REPL_SQL_MATRIX*</file>
            </source>
            <destination exist="overwrite" type="file">
               <file EOL="LF">NA</file>
               <folder>\\MSF1VSCN01P\OSR_Prod_FOUNDATIONAL_STRUCTURE\</folder>
            </destination>
         </item>
      </transferSet>
      <job>
         <name>RXITD19P</name>
      </job>
      <transferType>FileToFile</transferType>
   </managedTransfer>
</request>
