<request version="1.00">
   <managedTransfer>
      <originator>
         <hostName>lintb001p.tjx.com</hostName>
         <userID>wmbrkadm</userID>
      </originator>
      <sourceAgent QMgr="ESBAG01P" agent="ITIM.AGENTP01"/>
      <destinationAgent QMgr="ESBAG01P" agent="INF.AGENTP01"/>
      <reply QMGR="INTBK301P">QA.IN.FTE.RESPONSE</reply>
      <transferSet>
         <metaDataSet>
            <metaData key="TransferID">10397</metaData>
            <metaData key="ESPJob">RXITD26P</metaData>
            <metaData key="Chain"/>
         </metaDataSet>
         <item checksumMethod="none" mode="binary">
            <source disposition="delete" type="file">
               <file>/opt/IBM/ITDISolutions/ITIM_Person_Dump_SM_*.csv</file>
            </source>
            <destination exist="overwrite" type="file">
               <file EOL="LF">NA</file>
               <folder>/tjx/iisNAS/data/enttjx/osrrepl/landing/</folder>
            </destination>
         </item>
      </transferSet>
      <job>
         <name>RXITD26P</name>
      </job>
      <transferType>FileToFile</transferType>
   </managedTransfer>
</request>
