<request version="1.00">
   <managedTransfer>
      <originator>
         <hostName>lintb001p.tjx.com</hostName>
         <userID>wmbrkadm</userID>
      </originator>
      <sourceAgent QMgr="FTA1" agent="FTA1.AGENTP01"/>
      <destinationAgent QMgr="ESBAG01P" agent="INF.AGENTP01"/>
      <reply QMGR="INTBK301P">QA.IN.FTE.RESPONSE</reply>
      <transferSet>
         <metaDataSet>
            <metaData key="TransferID">10410</metaData>
            <metaData key="ESPJob">RQRRRX1P</metaData>
            <metaData key="Chain"/>
         </metaDataSet>
         <item checksumMethod="MD5" mode="text">
            <source disposition="leave" type="file">
               <file keepTrailingSpaces="true">//'PQ.MT.QMT3101W'</file>
            </source>
            <destination exist="error" type="file">
               <file EOL="LF">PQ.MT.QMT3101W</file>
               <folder>/tjx/iisNAS/data/RMSCONV/input/r3/</folder>
            </destination>
         </item>
      </transferSet>
      <job>
         <name>RQRRRX1P</name>
      </job>
      <transferType>DataSetToFile</transferType>
   </managedTransfer>
</request>
