<request version="1.00">
   <managedTransfer>
      <originator>
         <hostName>lintb001p.tjx.com</hostName>
         <userID>wmbrkadm</userID>
      </originator>
      <sourceAgent QMgr="ESBAG01P" agent="INF.AGENTP01"/>
      <destinationAgent QMgr="ESBAG01P" agent="MAT.AGENTP01"/>
      <reply QMGR="INTBK301P">QA.IN.FTE.RESPONSE</reply>
      <transferSet>
         <metaDataSet>
            <metaData key="TransferID">10423</metaData>
            <metaData key="ESPJob">RQRRW98P</metaData>
            <metaData key="Chain"/>
         </metaDataSet>
         <item checksumMethod="MD5" mode="text">
            <source disposition="leave" type="file">
               <file>/tjx/iisNAS/data/rmsint/POEMReconReport/input/POEM_PurchaseOrderHeader_EXTRACT.txt</file>
            </source>
            <destination exist="overwrite" type="file">
               <file EOL="LF">POEM_PurchaseOrderHeader_EXTRACT.txt</file>
               <folder>\\nwa1gmi01p.TJX.com\vDM4_SC_GMI\PO_Reconciliation_Exception_Reports\Production\Weekly\</folder>
            </destination>
         </item>
      </transferSet>
      <job>
         <name>RQRRW98P</name>
      </job>
      <transferType>FileToFile</transferType>
   </managedTransfer>
</request>
