<request version="1.00">
   <managedTransfer>
      <originator>
         <hostName>lintb001p.tjx.com</hostName>
         <userID>wmbrkadm</userID>
      </originator>
      <sourceAgent QMgr="ESBAG01P" agent="EDI.AGENTP01"/>
      <destinationAgent QMgr="ESBAG01P" agent="SCM.AGENT01P"/>
      <reply QMGR="INTBK301P">QA.IN.FTE.RESPONSE</reply>
      <transferSet>
         <metaDataSet>
            <metaData key="TransferID">10435</metaData>
            <metaData key="ESPJob">RQRRD66P</metaData>
            <metaData key="Chain"/>
         </metaDataSet>
         <item checksumMethod="MD5" mode="text">
            <source disposition="delete" type="file">
               <file>/edidir/esbpr/BK*.TXT</file>
            </source>
            <destination exist="overwrite" type="file">
               <file EOL="LF">NA</file>
               <folder>/TJXDATA/PROD/data/inbound/EDI/BOOKING_DATA</folder>
            </destination>
         </item>
      </transferSet>
      <job>
         <name>RQRRD66P</name>
      </job>
      <transferType>FileToFile</transferType>
   </managedTransfer>
</request>
