<request version="1.00">
   <managedTransfer>
      <originator>
         <hostName>lintb001p.tjx.com</hostName>
         <userID>wmbrkadm</userID>
      </originator>
      <sourceAgent QMgr="FTA1" agent="FTA1.AGENTP01"/>
      <destinationAgent QMgr="ESBAG01P" agent="SVC.AGENTP01"/>
      <reply QMGR="INTBK301P">QA.IN.FTE.RESPONSE</reply>
      <transferSet>
         <metaDataSet>
            <metaData key="TransferID">10431</metaData>
            <metaData key="ESPJob">RLSVD68P</metaData>
            <metaData key="Chain"/>
         </metaDataSet>
         <item checksumMethod="MD5" mode="text">
            <source disposition="leave" type="file">
               <file keepTrailingSpaces="true">//'PL.SA.LS01172D(0)'</file>
            </source>
            <destination exist="overwrite" type="file">
               <file EOL="CRLF">TJCRCF_%CDateFormatString:yyyyMMdd%.recon%</file>
               <folder>D:\download\settle\inbound\</folder>
            </destination>
         </item>
      </transferSet>
      <job>
         <name>RLSVD68P</name>
      </job>
      <transferType>DataSetToFile</transferType>
   </managedTransfer>
</request>
