<request version="1.00">
   <managedTransfer>
      <originator>
         <hostName>lintb001p.tjx.com</hostName>
         <userID>wmbrkadm</userID>
      </originator>
      <sourceAgent QMgr="ESBAG01P" agent="MAT.AGENTP01"/>
      <destinationAgent QMgr="ESBAG01P" agent="LAW.AGENTP01"/>
      <reply QMGR="INTBK301P">QA.IN.FTE.RESPONSE</reply>
      <transferSet>
         <metaDataSet>
            <metaData key="TransferID">10443</metaData>
            <metaData key="ESPJob">RLXMD03P</metaData>
            <metaData key="Chain"/>
         </metaDataSet>
         <item checksumMethod="MD5" mode="binary">
            <source disposition="delete" type="file">
               <file>\\msf1vxms01p\XM\xmdbtool\Data\download\online\export\DownloadedData\er_vat_data_export__*.txt</file>
            </source>
            <destination exist="overwrite" type="file">
               <file EOL="LF">NA</file>
               <folder>/WMIShare/XM/INB/</folder>
            </destination>
         </item>
      </transferSet>
      <job>
         <name>RLXMD03P</name>
      </job>
      <transferType>FileToFile</transferType>
   </managedTransfer>
</request>
