<request version="1.00">
   <managedTransfer>
      <originator>
         <hostName>lintb001p.tjx.com</hostName>
         <userID>wmbrkadm</userID>
      </originator>
      <sourceAgent QMgr="ESBAG01P" agent="WMI.AGENTP01"/>
      <destinationAgent QMgr="ESBAG01P" agent="MAT.AGENTP01"/>
      <reply QMGR="INTBK301P">QA.IN.FTE.RESPONSE</reply>
      <transferSet>
         <metaDataSet>
            <metaData key="TransferID">10477</metaData>
            <metaData key="ESPJob">RLKRW33P</metaData>
            <metaData key="Chain"/>
         </metaDataSet>
         <item checksumMethod="MD5" mode="text">
            <source disposition="leave" type="file">
               <file>\\ARO1STM101P\FTE\TM1_KRONOS\OUTGOING\TM1_CARTONS_EXPORT\*.*</file>
            </source>
            <destination exist="overwrite" type="file">
               <file EOL="CRLF">NA</file>
               <folder>\\smbp.corp.tjxcorp.net\Kronos_CAn\Kronos_CA_Prod\WMI_CARTONS_IMPORT\INCOMING\</folder>
            </destination>
         </item>
      </transferSet>
      <job>
         <name>RLKRW33P</name>
      </job>
      <transferType>FileToFile</transferType>
   </managedTransfer>
</request>
