<request version="1.00">
   <managedTransfer>
      <originator>
         <hostName>lintb001p.tjx.com</hostName>
         <userID>wmbrkadm</userID>
      </originator>
      <sourceAgent QMgr="FTA1" agent="FTA1.AGENTP01"/>
      <destinationAgent QMgr="ESBAG01P" agent="WMI.AGENTP01"/>
      <reply QMGR="INTBK301P">QA.IN.FTE.RESPONSE</reply>
      <transferSet>
         <metaDataSet>
            <metaData key="TransferID">10484</metaData>
            <metaData key="ESPJob">RLKRW50P</metaData>
            <metaData key="Chain"/>
         </metaDataSet>
         <item checksumMethod="MD5" mode="text">
            <source disposition="leave" type="file">
               <file keepTrailingSpaces="true">//'PE.UC.EB01323W(0)'</file>
            </source>
            <destination exist="overwrite" type="file">
               <file EOL="CRLF">PE.UC.EB01323W.txt</file>
               <folder>\\ARO1STM101P\FTE\TM1_KRONOS\INCOMING\MF_INVENTORY\</folder>
            </destination>
         </item>
      </transferSet>
      <job>
         <name>RLKRW50P</name>
      </job>
      <transferType>DataSetToFile</transferType>
   </managedTransfer>
</request>
