<request version="1.00">
   <managedTransfer>
      <originator>
         <hostName>lintb001p.tjx.com</hostName>
         <userID>wmbrkadm</userID>
      </originator>
      <sourceAgent QMgr="ESBAG01P" agent="IFD.AGENTP01"/>
      <destinationAgent QMgr="ESBAG01P" agent="RMS.AGENTP01"/>
      <reply QMGR="INTBK301P">QA.IN.FTE.RESPONSE</reply>
      <transferSet>
         <metaDataSet>
            <metaData key="TransferID">10490</metaData>
            <metaData key="ESPJob">RQDHM55P</metaData>
            <metaData key="Chain"/>
         </metaDataSet>
         <item checksumMethod="MD5" mode="text">
            <source disposition="leave" type="file">
               <file>/tjx/iisNAS/data/rmsint/intrastat_interco/output/DE_*.CSV</file>
            </source>
            <destination exist="overwrite" type="file">
               <file EOL="LF">NA</file>
               <folder>/tjx/rms-interface/upload/rmseprod/report/intrastat_interco/intrastat/de_declarations/</folder>
            </destination>
         </item>
      </transferSet>
      <job>
         <name>RQDHM55P</name>
      </job>
      <transferType>FileToFile</transferType>
   </managedTransfer>
</request>
