<request version="1.00">
   <managedTransfer>
      <originator>
         <hostName>lintb001p.tjx.com</hostName>
         <userID>wmbrkadm</userID>
      </originator>
      <sourceAgent QMgr="ESBAG01P" agent="MAT.AGENTP01"/>
      <destinationAgent QMgr="ESBAG01P" agent="INF.AGENTP01"/>
      <reply QMGR="INTBK301P">QA.IN.FTE.RESPONSE</reply>
      <transferSet>
         <metaDataSet>
            <metaData key="TransferID">10500</metaData>
            <metaData key="ESPJob">RXDOW81P</metaData>
            <metaData key="Chain"/>
         </metaDataSet>
         <item checksumMethod="none" mode="text">
            <source disposition="leave" type="file">
               <file>\\msf1vpfs01p.corp.tjxcorp.net\EMV_DATA\TJX_Finance_EMV.csv</file>
            </source>
            <destination exist="overwrite" type="file">
               <file EOL="LF">NA</file>
               <folder>/tjx/iisNAS/data/edw/gce/input/</folder>
            </destination>
         </item>
      </transferSet>
      <job>
         <name>RXDOW81P</name>
      </job>
      <transferType>FileToFile</transferType>
   </managedTransfer>
</request>
