<request version="1.00">
   <managedTransfer>
      <originator>
         <hostName>lintb001p.tjx.com</hostName>
         <userID>wmbrkadm</userID>
      </originator>
      <sourceAgent QMgr="ESBAG01P" agent="INF.AGENTP01"/>
      <destinationAgent QMgr="ESBAG01P" agent="FTS.AGENTP01"/>
      <reply QMGR="INTBK301P">QA.IN.FTE.RESPONSE</reply>
      <transferSet>
         <metaDataSet>
            <metaData key="TransferID">10518</metaData>
            <metaData key="ESPJob">RKDOD87P</metaData>
            <metaData key="Chain"/>
         </metaDataSet>
         <item checksumMethod="MD5" mode="text">
            <source disposition="delete" type="file">
               <file>/tjx/iisNAS/data/edw/mktg/output/homegoods/TJX_HGS_Access_TransactionDetails_*</file>
            </source>
            <destination exist="error" type="file">
               <file EOL="CRLF">NA</file>
               <folder>/TJXESB/data/vendors/kobie_customer/transactiondata/transit/prd/</folder>
            </destination>
         </item>
      </transferSet>
      <job>
         <name>RKDOD87P</name>
      </job>
      <transferType>FileToFile</transferType>
   </managedTransfer>
</request>
