<request version="1.00">
   <managedTransfer>
      <originator>
         <hostName>lintb001p.tjx.com</hostName>
         <userID>wmbrkadm</userID>
      </originator>
      <sourceAgent QMgr="ESBAG01P" agent="MAT.AGENTP01"/>
      <destinationAgent QMgr="ESBAG01P" agent="INF.AGENTP01"/>
      <reply QMGR="INTBK301P">QA.IN.FTE.RESPONSE</reply>
      <transferSet>
         <metaDataSet>
            <metaData key="TransferID">10524</metaData>
            <metaData key="ESPJob"/>
            <metaData key="Chain"/>
         </metaDataSet>
         <item checksumMethod="MD5" mode="text">
            <source disposition="leave" type="file">
               <file>D:\Kronos_Automation\Enable_Stores.txt</file>
            </source>
            <destination exist="overwrite" type="file">
               <file EOL="LF">Enable_Stores.txt</file>
               <folder>/tjx/iisNAS/data/tct/EnablePOS/input/common/PO_Automation/</folder>
            </destination>
         </item>
      </transferSet>
      <job>
         <name/>
      </job>
      <transferType>FileToFile</transferType>
   </managedTransfer>
</request>
