<request version="1.00">
   <managedTransfer>
      <originator>
         <hostName>lintb001p.tjx.com</hostName>
         <userID>wmbrkadm</userID>
      </originator>
      <sourceAgent QMgr="FTA1" agent="FTA1.AGENTP01"/>
      <destinationAgent QMgr="IIBBK03P" agent="IIB.AGENTP01"/>
      <reply QMGR="INTBK301P">QA.IN.FTE.RESPONSE</reply>
      <transferSet>
         <metaDataSet>
            <metaData key="TransferID">10547</metaData>
            <metaData key="ESPJob">RTSCDA2P</metaData>
            <metaData key="Chain"/>
         </metaDataSet>
         <item checksumMethod="MD5" mode="binary">
            <source disposition="leave" type="file">
               <file>//'PQ.RP.DC801.QRP8004D(0)'</file>
            </source>
            <destination exist="error" type="file">
               <file EOL="LF">HoldingDistro801%CDateFormatString:MMddyyyy%.dat%</file>
               <folder>/TJXESB/data/inbound/INVENTORY_TRANSACTIONS/UKECOMM/HOLDINGDISTRO/</folder>
            </destination>
         </item>
      </transferSet>
      <job>
         <name>RTSCDA2P</name>
      </job>
      <transferType>DataSetToFile</transferType>
   </managedTransfer>
</request>
