<request version="1.00">
   <managedTransfer>
      <originator>
         <hostName>lintb001p.tjx.com</hostName>
         <userID>wmbrkadm</userID>
      </originator>
      <sourceAgent QMgr="ESBAG01P" agent="INF.AGENTP01"/>
      <destinationAgent QMgr="ESBAG01P" agent="MAT.AGENTP01"/>
      <reply QMGR="INTBK301P">QA.IN.FTE.RESPONSE</reply>
      <transferSet>
         <metaDataSet>
            <metaData key="TransferID">10710</metaData>
            <metaData key="ESPJob">RNDBW13P</metaData>
            <metaData key="Chain"/>
         </metaDataSet>
         <item checksumMethod="none" mode="text">
            <source disposition="delete" type="file">
               <file>/tjx/iisNAS/data/tct/scr/output/tjmaxx/SC_RPT_TJM_*.csv</file>
            </source>
            <destination exist="overwrite" type="file">
               <file EOL="LF">NA</file>
               <folder>\\fra1isx01p\Traffic\DC Services - Inbound\Systems Extracts\</folder>
            </destination>
         </item>
      </transferSet>
      <job>
         <name>RNDBW13P</name>
      </job>
      <transferType>FileToFile</transferType>
   </managedTransfer>
</request>
