<request version="1.00">
   <managedTransfer>
      <originator>
         <hostName>lintb001p.tjx.com</hostName>
         <userID>wmbrkadm</userID>
      </originator>
      <sourceAgent QMgr="ESBAG01P" agent="WMI.AGENTP01"/>
      <destinationAgent QMgr="ESBAG01P" agent="INF.AGENTP01"/>
      <reply QMGR="INTBK301P">QA.IN.FTE.RESPONSE</reply>
      <transferSet>
         <metaDataSet>
            <metaData key="TransferID">10719</metaData>
            <metaData key="ESPJob">RLDJD19P</metaData>
            <metaData key="Chain"/>
         </metaDataSet>
         <item checksumMethod="none" mode="text">
            <source disposition="leave" type="file">
               <file>\\mis1isi01s\InterDept1\Plan-Analysis\TJXC_Merch_Analytics\TJXC_DEPARTMENT_ROLLUPS.csv</file>
            </source>
            <destination exist="overwrite" type="file">
               <file EOL="LF">NA</file>
               <folder>/tjx/iisNAS/data/edw/hgstjxcma/input/</folder>
            </destination>
         </item>
      </transferSet>
      <job>
         <name>RLDJD19P</name>
      </job>
      <transferType>FileToFile</transferType>
   </managedTransfer>
</request>
