<request version="1.00">
   <managedTransfer>
      <originator>
         <hostName>lintb001p.tjx.com</hostName>
         <userID>wmbrkadm</userID>
      </originator>
      <sourceAgent QMgr="ESBAG01P" agent="ITIM.AGENTP01"/>
      <destinationAgent QMgr="ESBAG01P" agent="MAT.AGENTP01"/>
      <reply QMGR="INTBK301P">QA.IN.FTE.RESPONSE</reply>
      <transferSet>
         <metaDataSet>
            <metaData key="TransferID">10712</metaData>
            <metaData key="ESPJob">RNITD48P</metaData>
            <metaData key="Chain"/>
         </metaDataSet>
         <item checksumMethod="none" mode="binary">
            <source disposition="leave" type="file">
               <file>/opt/IBM/ITDISolutions/ITIM_AssetManager_Extract.csv</file>
            </source>
            <destination exist="overwrite" type="file">
               <file EOL="LF">NA</file>
               <folder>\\WACM005P\ITIM_File\</folder>
            </destination>
         </item>
      </transferSet>
      <job>
         <name>RNITD48P</name>
      </job>
      <transferType>FileToFile</transferType>
   </managedTransfer>
</request>
