<request version="1.00">
   <managedTransfer>
      <originator>
         <hostName>lintb001p.tjx.com</hostName>
         <userID>wmbrkadm</userID>
      </originator>
      <sourceAgent QMgr="ESBAG01P" agent="MAT.AGENTP01"/>
      <destinationAgent QMgr="ESBAG01P" agent="INF.AGENTP01"/>
      <reply QMGR="INTBK301P">QA.IN.FTE.RESPONSE</reply>
      <transferSet>
         <metaDataSet>
            <metaData key="TransferID">10715</metaData>
            <metaData key="ESPJob">RKDJD15P</metaData>
            <metaData key="Chain"/>
         </metaDataSet>
         <item checksumMethod="none" mode="text">
            <source disposition="leave" type="file">
               <file>\\fra1isx01p\HMG_Merch\HG_Merch_Analytics\HGS_MASTER_BRAND_LIST.csv</file>
            </source>
            <destination exist="overwrite" type="file">
               <file EOL="LF">NA</file>
               <folder>/tjx/iisNAS/data/edw/hgstjxcma/input/</folder>
            </destination>
         </item>
      </transferSet>
      <job>
         <name>RKDJD15P</name>
      </job>
      <transferType>FileToFile</transferType>
   </managedTransfer>
</request>
