<request version="1.00">
   <managedTransfer>
      <originator>
         <hostName>lintb001p.tjx.com</hostName>
         <userID>wmbrkadm</userID>
      </originator>
      <sourceAgent QMgr="INTBK301P" agent="INT.AGENTP01"/>
      <destinationAgent QMgr="ESBAG01P" agent="TKM.AGENTP01"/>
      <reply QMGR="INTBK301P">QA.IN.FTE.RESPONSE</reply>
      <transferSet>
         <metaDataSet>
            <metaData key="TransferID">10723</metaData>
            <metaData key="ESPJob">RTEKD77P</metaData>
            <metaData key="Chain"/>
         </metaDataSet>
         <item checksumMethod="MD5" mode="text">
            <source disposition="delete" type="file">
               <file>/TJXDATA/PROD/data/MQFTE/RESA/ecomsal*.csv</file>
            </source>
            <destination exist="overwrite" type="file">
               <file EOL="LF">NA</file>
               <folder>\\wat1vftp01p\CommonSchema\InBound\Venda\</folder>
            </destination>
         </item>
      </transferSet>
      <job>
         <name>RTEKD77P</name>
      </job>
      <transferType>FileToFile</transferType>
   </managedTransfer>
</request>
