<request version="1.00">
   <managedTransfer>
      <originator>
         <hostName>lintb001p.tjx.com</hostName>
         <userID>wmbrkadm</userID>
      </originator>
      <sourceAgent QMgr="ESBAG01P" agent="TKM.AGENTP01"/>
      <destinationAgent QMgr="IIBBK03P" agent="IIB.AGENTP01"/>
      <reply QMGR="INTBK301P">QA.IN.FTE.RESPONSE</reply>
      <transferSet>
         <metaDataSet>
            <metaData key="TransferID">10725</metaData>
            <metaData key="ESPJob">RTEKD68P</metaData>
            <metaData key="Chain"/>
         </metaDataSet>
         <item checksumMethod="MD5" mode="binary">
            <source disposition="delete" type="file">
               <file>//WAT1VDAT21P/DATA/ECOMMERCE/TKMAXXTOHYBRIS/MARKDOWN/MARKDOWN_INIT_*.psv</file>
            </source>
            <destination exist="error" type="file">
               <file EOL="LF">NA</file>
               <folder>/TJXESB/data/inbound/MFMARKDOWN/</folder>
            </destination>
         </item>
      </transferSet>
      <job>
         <name>RTEKD68P</name>
      </job>
      <transferType>FileToFile</transferType>
   </managedTransfer>
</request>
