<request version="1.00">
   <managedTransfer>
      <originator>
         <hostName>lintb001p.tjx.com</hostName>
         <userID>wmbrkadm</userID>
      </originator>
      <sourceAgent QMgr="INTBK301P" agent="INT.AGENTP01"/>
      <destinationAgent QMgr="ESBAG01P" agent="TKM.AGENTP01"/>
      <reply QMGR="INTBK301P">QA.IN.FTE.RESPONSE</reply>
      <transferSet>
         <metaDataSet>
            <metaData key="TransferID">10722</metaData>
            <metaData key="ESPJob">RTEKD75P</metaData>
            <metaData key="Chain"/>
         </metaDataSet>
         <item checksumMethod="MD5" mode="text">
            <source disposition="delete" type="file">
               <file>/TJXDATA/PROD/data/MQFTE/QSAD642/ecomsal*.csv</file>
            </source>
            <destination exist="overwrite" type="file">
               <file EOL="CRLF">NA</file>
               <folder>\\tkmwdw96\TJXFTPROOT\Ecommerce\VENDATOTKMAXX\SALES\</folder>
            </destination>
         </item>
      </transferSet>
      <job>
         <name>RTEKD75P</name>
      </job>
      <transferType>FileToFile</transferType>
   </managedTransfer>
</request>
