<request version="1.00">
   <managedTransfer>
      <originator>
         <hostName>lintb001p.tjx.com</hostName>
         <userID>wmbrkadm</userID>
      </originator>
      <sourceAgent QMgr="FTA1" agent="FTA1.AGENTP01"/>
      <destinationAgent QMgr="ESBAG01P" agent="RPAS.AGENTP01"/>
      <reply QMGR="INTBK301P">QA.IN.FTE.RESPONSE</reply>
      <transferSet>
         <metaDataSet>
            <metaData key="TransferID">10764</metaData>
            <metaData key="ESPJob">RARDW0139P</metaData>
            <metaData key="Chain"/>
         </metaDataSet>
         <item checksumMethod="none" mode="text">
            <source disposition="leave" type="file">
               <file>//'PA.LP.AL85551W'</file>
            </source>
            <destination exist="error" type="file">
               <file EOL="LF">pg_fp_sls_eop_rec.csv.ovr</file>
               <folder>/tjx/rpasfts/input/</folder>
            </destination>
         </item>
      </transferSet>
      <job>
         <name>RARDW0139P</name>
      </job>
      <transferType>DataSetToFile</transferType>
   </managedTransfer>
</request>
