<request version="1.00">
   <managedTransfer>
      <originator>
         <hostName>lintb001p.tjx.com</hostName>
         <userID>wmbrkadm</userID>
      </originator>
      <sourceAgent QMgr="ESBAG01P" agent="IFD.AGENTP01"/>
      <destinationAgent QMgr="FTA1" agent="FTA1.AGENTP01"/>
      <reply QMGR="INTBK301P">QA.IN.FTE.RESPONSE</reply>
      <transferSet>
         <metaDataSet>
            <metaData key="TransferID">10796</metaData>
            <metaData key="ESPJob">RQDNDD2P</metaData>
            <metaData key="Chain"/>
         </metaDataSet>
         <item checksumMethod="MD5" mode="text">
            <source disposition="leave" type="file">
               <file EOL="LF">/tjx/iisNAS/data/edw/rms/output/tkmaxx/PQ.TX.QTX6451D</file>
            </source>
            <destination exist="overwrite" type="dataset">
               <file>//'PQ.TX.QTX6451D';DSORG(PS);RECFM(FB);BLKSIZE(27900);LRECL(300);TRACKS;SPACE(5000,500)</file>
            </destination>
         </item>
      </transferSet>
      <job>
         <name>RQDNDD2P</name>
      </job>
      <transferType>FileToDataSet</transferType>
   </managedTransfer>
</request>
