<request version="1.00">
   <managedTransfer>
      <originator>
         <hostName>lintb001p.tjx.com</hostName>
         <userID>wmbrkadm</userID>
      </originator>
      <sourceAgent QMgr="ESBAG01P" agent="INF.AGENTP01"/>
      <destinationAgent QMgr="FTA1" agent="FTA1.AGENTP01"/>
      <reply QMGR="INTBK301P">QA.IN.FTE.RESPONSE</reply>
      <transferSet>
         <metaDataSet>
            <metaData key="TransferID">10812</metaData>
            <metaData key="ESPJob">RXISW16P</metaData>
            <metaData key="Chain"/>
         </metaDataSet>
         <item checksumMethod="none" mode="text">
            <source disposition="leave" type="file">
               <file EOL="LF">/tjx/iisNAS/data/IDS/worker/output/common/mf_entitlement_itim_report_feed.txt</file>
            </source>
            <destination exist="overwrite" type="dataset">
               <file>//'PX.EKC.ITIM.EXTRACT';DSORG(PS);RECFM(F,B);BLKSIZE(27900);LRECL(150);CYL;SPACE(5,1)</file>
            </destination>
         </item>
      </transferSet>
      <job>
         <name>RXISW16P</name>
      </job>
      <transferType>FileToDataSet</transferType>
   </managedTransfer>
</request>
