<request version="1.00">
   <managedTransfer>
      <originator>
         <hostName>lintb001p.tjx.com</hostName>
         <userID>wmbrkadm</userID>
      </originator>
      <sourceAgent QMgr="ESBAG01P" agent="INF.AGENTP01"/>
      <destinationAgent QMgr="ESBAG01P" agent="MAT.AGENTP01"/>
      <reply QMGR="INTBK301P">QA.IN.FTE.RESPONSE</reply>
      <transferSet>
         <metaDataSet>
            <metaData key="TransferID">10827</metaData>
            <metaData key="ESPJob">RXEND32P</metaData>
            <metaData key="Chain"/>
         </metaDataSet>
         <item checksumMethod="none" mode="binary">
            <source disposition="leave" type="file">
               <file>/tjx/iisNAS/data/IDS/worker/output/common/EPPM_IDS_Clarizen_Interface_File_ADD.csv</file>
            </source>
            <destination exist="error" type="file">
               <file EOL="LF">EPPM_IDS_Clarizen_Interface_File_ADD_%CDateFormatString:MMddyyyyHHmmss%.csv%</file>
               <folder>\\msf1vpfs02p\EPPM\Resource\</folder>
            </destination>
         </item>
      </transferSet>
      <job>
         <name>RXEND32P</name>
      </job>
      <transferType>FileToFile</transferType>
   </managedTransfer>
</request>
