<request version="1.00">
   <managedTransfer>
      <originator>
         <hostName>lintb001p.tjx.com</hostName>
         <userID>wmbrkadm</userID>
      </originator>
      <sourceAgent QMgr="ESBAG01P" agent="INF.AGENTP01"/>
      <destinationAgent QMgr="FTA1" agent="FTA1.AGENTP01"/>
      <reply QMGR="INTBK301P">QA.IN.FTE.RESPONSE</reply>
      <transferSet>
         <metaDataSet>
            <metaData key="TransferID">10825</metaData>
            <metaData key="ESPJob">RKDPW31P</metaData>
            <metaData key="Chain"/>
         </metaDataSet>
         <item checksumMethod="none" mode="binary">
            <source disposition="delete" type="file">
               <file EOL="CRLF">/tjx/iisNAS/data/edw/otb/output/homegoods/OTB_Mart_Extract.cff</file>
            </source>
            <destination exist="overwrite" type="dataset">
               <file>//'PK.DW.KDW5500W'</file>
            </destination>
         </item>
      </transferSet>
      <job>
         <name>RKDPW31P</name>
      </job>
      <transferType>FileToDataSet</transferType>
   </managedTransfer>
</request>
