<request version="1.00">
   <managedTransfer>
      <originator>
         <hostName>lintb001p.tjx.com</hostName>
         <userID>wmbrkadm</userID>
      </originator>
      <sourceAgent QMgr="ESBAG01P" agent="EBS.AGENTP01"/>
      <destinationAgent QMgr="ESBAG01P" agent="SYD.AGENTP01"/>
      <reply QMGR="INTBK301P">QA.IN.FTE.RESPONSE</reply>
      <transferSet>
         <metaDataSet>
            <metaData key="TransferID">10905</metaData>
            <metaData key="ESPJob">RHFID33P</metaData>
            <metaData key="Chain"/>
         </metaDataSet>
         <item checksumMethod="MD5" mode="binary">
            <source disposition="delete" type="file">
               <file>/tjx/prod/applbin/fs_ne/custom/data/ap/out/xxtjxaapqkvextout/tmp/TJXAAP_INV_QLIKVIEW_DATA_*.csv</file>
            </source>
            <destination exist="overwrite" type="file">
               <file EOL="LF">NA</file>
               <folder>\\SYD3VFSS01P\QlikView\AP Extract\</folder>
            </destination>
         </item>
      </transferSet>
      <job>
         <name>RHFID33P</name>
      </job>
      <transferType>FileToFile</transferType>
   </managedTransfer>
</request>
