<request version="1.00">
   <managedTransfer>
      <originator>
         <hostName>lintb001p.tjx.com</hostName>
         <userID>wmbrkadm</userID>
      </originator>
      <sourceAgent QMgr="ESBAG01P" agent="INF.AGENTP01"/>
      <destinationAgent QMgr="ESBAG01P" agent="POS.AGENTP01"/>
      <reply QMGR="INTBK301P">QA.IN.FTE.RESPONSE</reply>
      <transferSet>
         <metaDataSet>
            <metaData key="TransferID">10917</metaData>
            <metaData key="ESPJob">RKNPD09P</metaData>
            <metaData key="Chain"/>
         </metaDataSet>
         <item checksumMethod="none" mode="binary">
            <source disposition="delete" type="file">
               <file>/tjx/iisNAS/data/NEWPOS/POS/output/homegoods/TAX_RATE_HGS_*.mnt</file>
            </source>
            <destination exist="overwrite" type="file">
               <file EOL="LF">NA</file>
               <folder>/tjx/poshgprod/xadmin/auto_deployments/auto/org1/</folder>
            </destination>
         </item>
      </transferSet>
      <job>
         <name>RKNPD09P</name>
      </job>
      <transferType>FileToFile</transferType>
   </managedTransfer>
</request>
