<request version="1.00">
   <managedTransfer>
      <originator>
         <hostName>lintb001p.tjx.com</hostName>
         <userID>wmbrkadm</userID>
      </originator>
      <sourceAgent QMgr="ESBAG01P" agent="AFS.AGENTP01"/>
      <destinationAgent QMgr="ESBAG01P" agent="INF.AGENTP01"/>
      <reply QMGR="INTBK301P">QA.IN.FTE.RESPONSE</reply>
      <transferSet>
         <metaDataSet>
            <metaData key="TransferID">10916</metaData>
            <metaData key="ESPJob">RKNPD13P</metaData>
            <metaData key="Chain"/>
         </metaDataSet>
         <item checksumMethod="none" mode="text">
            <source disposition="delete" type="file">
               <file>D:\rws\Production\Software\Triversity\Department\vFY12\XSTORE\TJH\dept.*.txt</file>
            </source>
            <destination exist="overwrite" type="file">
               <file EOL="LF">NA</file>
               <folder>/tjx/iisNAS/data/NEWPOS/POS/input/homegoods/</folder>
            </destination>
         </item>
      </transferSet>
      <job>
         <name>RKNPD13P</name>
      </job>
      <transferType>FileToFile</transferType>
   </managedTransfer>
</request>
