<request version="1.00">
   <managedTransfer>
      <originator>
         <hostName>lintb001p.tjx.com</hostName>
         <userID>wmbrkadm</userID>
      </originator>
      <sourceAgent QMgr="IIBBK03P" agent="IIB.AGENTP01"/>
      <destinationAgent QMgr="ESBAG01P" agent="ECO.AGENTP01"/>
      <reply QMGR="INTBK301P">QA.IN.FTE.RESPONSE</reply>
      <transferSet>
         <metaDataSet>
            <metaData key="TransferID">11062</metaData>
            <metaData key="ESPJob">RXEKD95P</metaData>
            <metaData key="Chain"/>
         </metaDataSet>
         <item checksumMethod="MD5" mode="text">
            <source disposition="delete" type="file">
               <file>/TJXESB/data/transit/RouteToY/PFSWEB_SALESRETURN_*</file>
            </source>
            <destination exist="error" type="file">
               <file EOL="CRLF">NA</file>
               <folder>F:\eCommReports\SourceFiles\Inbound\ECD\TLOG\</folder>
            </destination>
         </item>
      </transferSet>
      <job>
         <name>RXEKD95P</name>
      </job>
      <transferType>FileToFile</transferType>
   </managedTransfer>
</request>
