<request version="1.00">
   <managedTransfer>
      <originator>
         <hostName>lintb001p.tjx.com</hostName>
         <userID>wmbrkadm</userID>
      </originator>
      <sourceAgent QMgr="ESBAG01P" agent="IFD.AGENTP01"/>
      <destinationAgent QMgr="ESBAG01P" agent="MAT.AGENTP01"/>
      <reply QMGR="INTBK301P">QA.IN.FTE.RESPONSE</reply>
      <transferSet>
         <metaDataSet>
            <metaData key="TransferID">12010</metaData>
            <metaData key="ESPJob">RXDOM54P</metaData>
            <metaData key="Chain"/>
         </metaDataSet>
         <item checksumMethod="none" mode="binary">
            <source disposition="leave" type="file">
               <file>/tjx/iisNAS/data/enttjx/sut/output/common/Bad_Debt_BCI_Detail_Report.csv</file>
            </source>
            <destination exist="overwrite" type="file">
               <file EOL="LF">Bad_Debt_BCI_Detail_Report_%CDateFormatString:MMddyyyy_HHmm%.csv%</file>
               <folder>\\fra1isx01p.corp.tjxcorp.net\fintax\Vertex O Series Files FTP\ </folder>
            </destination>
         </item>
      </transferSet>
      <job>
         <name>RXDOM54P</name>
      </job>
      <transferType>FileToFile</transferType>
   </managedTransfer>
</request>
