<request version="1.00">
   <managedTransfer>
      <originator>
         <hostName>lintb001p.tjx.com</hostName>
         <userID>wmbrkadm</userID>
      </originator>
      <sourceAgent QMgr="ESBAG01P" agent="INF.AGENTP01"/>
      <destinationAgent QMgr="ESBAG01P" agent="MAT.AGENTP01"/>
      <reply QMGR="INTBK301P">QA.IN.FTE.RESPONSE</reply>
      <transferSet>
         <metaDataSet>
            <metaData key="TransferID">12015</metaData>
            <metaData key="ESPJob">RXENW30P</metaData>
            <metaData key="Chain"/>
         </metaDataSet>
         <item checksumMethod="none" mode="text">
            <source disposition="leave" type="file">
               <file>/tjx/iisNAS/data/IDS/worker/output/common/tjx_ens_swn_cntr.txt</file>
            </source>
            <destination exist="overwrite" type="file">
               <file EOL="CRLF">NA</file>
               <folder>\\fra1vfps07p\Oracle_Test\ENS\PROD\</folder>
            </destination>
         </item>
      </transferSet>
      <job>
         <name>RXENW30P</name>
      </job>
      <transferType>FileToFile</transferType>
   </managedTransfer>
</request>
