<request version="1.00">
   <managedTransfer>
      <originator>
         <hostName>lintb001p.tjx.com</hostName>
         <userID>wmbrkadm</userID>
      </originator>
      <sourceAgent QMgr="ESBAG01P" agent="INF.AGENTP01"/>
      <destinationAgent QMgr="ESBAG01P" agent="MAT.AGENTP01"/>
      <reply QMGR="INTBK301P">QA.IN.FTE.RESPONSE</reply>
      <transferSet>
         <metaDataSet>
            <metaData key="TransferID">12087</metaData>
            <metaData key="ESPJob">RNDODA3P</metaData>
            <metaData key="Chain"/>
         </metaDataSet>
         <item checksumMethod="none" mode="text">
            <source disposition="delete" type="file">
               <file>/tjx/iisNAS/data/edw/mktg/archive/tjmaxx/TJX_TJM_Credit_Transaction_*.txt.loyalty</file>
            </source>
            <destination exist="overwrite" type="file">
               <file EOL="CRLF">NA</file>
               <folder>\\fra1vfps07p\loyalty_us_kobie\reports\daily_uff\</folder>
            </destination>
         </item>
      </transferSet>
      <job>
         <name>RNDODA3P</name>
      </job>
      <transferType>FileToFile</transferType>
   </managedTransfer>
</request>
