<request version="1.00">
   <managedTransfer>
      <originator>
         <hostName>lintb001p.tjx.com</hostName>
         <userID>wmbrkadm</userID>
      </originator>
      <sourceAgent QMgr="FTA1" agent="FTA1.AGENTP01"/>
      <destinationAgent QMgr="ESBAG01P" agent="MAT.AGENTP01"/>
      <reply QMGR="INTBK301P">QA.IN.FTE.RESPONSE</reply>
      <transferSet>
         <metaDataSet>
            <metaData key="TransferID">12103</metaData>
            <metaData key="ESPJob">RXDODA7P</metaData>
            <metaData key="Chain"/>
         </metaDataSet>
         <item checksumMethod="none" mode="text">
            <source disposition="delete" type="file">
               <file>//'PN.DS.NDS8461D(0)'</file>
            </source>
            <destination exist="overwrite" type="file">
               <file EOL="CRLF">TJX_TJXID_%CDateFormatString:yyyyMMdd_HHmm%.txt.loyalty%</file>
               <folder>\\fra1vfps07p\loyalty_us_kobie\reports\daily_uff\</folder>
            </destination>
         </item>
      </transferSet>
      <job>
         <name>RXDODA7P</name>
      </job>
      <transferType>DataSetToFile</transferType>
   </managedTransfer>
</request>
