<request version="1.00">
   <managedTransfer>
      <originator>
         <hostName>lintb001p.tjx.com</hostName>
         <userID>wmbrkadm</userID>
      </originator>
      <sourceAgent QMgr="ESBAG01P" agent="FTS.AGENTP01"/>
      <destinationAgent QMgr="ESBAG01P" agent="TKM.AGENTP01"/>
      <reply QMGR="INTBK301P">QA.IN.FTE.RESPONSE</reply>
      <transferSet>
         <metaDataSet>
            <metaData key="TransferID">12111</metaData>
            <metaData key="ESPJob">RTEKWB1P</metaData>
            <metaData key="Chain"/>
         </metaDataSet>
         <item checksumMethod="MD5" mode="text">
            <source disposition="delete" type="file">
               <file>/TJXESB/data/inbound/prd/ecomsale_*.csv</file>
            </source>
            <destination exist="error" type="file">
               <file EOL="CRLF">NA</file>
               <folder>\\TKMWDW96\TJXFTPROOT\ECOMMERCE\VENDATOTKMAXX\SALES\style_perf_reports\</folder>
            </destination>
         </item>
      </transferSet>
      <job>
         <name>RTEKWB1P</name>
      </job>
      <transferType>FileToFile</transferType>
   </managedTransfer>
</request>
