<request version="1.00">
   <managedTransfer>
      <originator>
         <hostName>lintb001p.tjx.com</hostName>
         <userID>wmbrkadm</userID>
      </originator>
      <sourceAgent QMgr="ESBAG01P" agent="FTS.AGENTP01"/>
      <destinationAgent QMgr="ESBAG01P" agent="TKM.AGENTP01"/>
      <reply QMGR="INTBK301P">QA.IN.FTE.RESPONSE</reply>
      <transferSet>
         <metaDataSet>
            <metaData key="TransferID">12125</metaData>
            <metaData key="ESPJob">RTEKDA7P</metaData>
            <metaData key="Chain"/>
         </metaDataSet>
         <item checksumMethod="MD5" mode="text">
            <source disposition="delete" type="file">
               <file>/TJXESB/data/inbound/prd/salesbydept_*.csv</file>
            </source>
            <destination exist="error" type="file">
               <file EOL="LF">NA</file>
               <folder>\\wat1vdat21p\Data\ECOMMERCE\HYBRISTOTKMAXX\REPORTS\</folder>
            </destination>
         </item>
      </transferSet>
      <job>
         <name>RTEKDA7P</name>
      </job>
      <transferType>FileToFile</transferType>
   </managedTransfer>
</request>
