<request version="1.00">
   <managedTransfer>
      <originator>
         <hostName>lintb001p.tjx.com</hostName>
         <userID>wmbrkadm</userID>
      </originator>
      <sourceAgent QMgr="ESBAG01P" agent="FTS.AGENTP01"/>
      <destinationAgent QMgr="ESBAG01P" agent="FTS.AGENTP01"/>
      <reply QMGR="INTBK301P">QA.IN.FTE.RESPONSE</reply>
      <transferSet>
         <metaDataSet>
            <metaData key="TransferID">12121</metaData>
            <metaData key="ESPJob">RTEKDA5P</metaData>
            <metaData key="Chain"/>
         </metaDataSet>
         <item checksumMethod="MD5" mode="text">
            <source disposition="delete" type="file">
               <file>/TJXESB/data/inbound/prd/returnsMDCapture_*.csv</file>
            </source>
            <destination exist="overwrite" type="file">
               <file EOL="CRLF">NA</file>
               <folder>/TJXESB/data/inbound/prd/tmp/</folder>
            </destination>
         </item>
      </transferSet>
      <job>
         <name>RTEKDA5P</name>
      </job>
      <transferType>FileToFile</transferType>
   </managedTransfer>
</request>
