<request version="1.00">
   <managedTransfer>
      <originator>
         <hostName>lintb001p.tjx.com</hostName>
         <userID>wmbrkadm</userID>
      </originator>
      <sourceAgent QMgr="ESBAG01P" agent="MAT.AGENTP01"/>
      <destinationAgent QMgr="ESBAG01P" agent="TAL.AGENTP01"/>
      <reply QMGR="INTBK301P">QA.IN.FTE.RESPONSE</reply>
      <transferSet>
         <metaDataSet>
            <metaData key="TransferID">12135</metaData>
            <metaData key="ESPJob">RXCJD08P</metaData>
            <metaData key="Chain"/>
         </metaDataSet>
         <item checksumMethod="MD5" mode="binary">
            <source disposition="delete" type="file">
               <file>\\msf1vweb01p\RegistrationsFeed\HarteHanks\CDW\EMailDB_TJX_NewRegistrations_*</file>
            </source>
            <destination exist="error" type="file">
               <file EOL="LF">NA</file>
               <folder>/tjx/NAC360/data/transfer/inbound/</folder>
            </destination>
         </item>
      </transferSet>
      <job>
         <name>RXCJD08P</name>
      </job>
      <transferType>FileToFile</transferType>
   </managedTransfer>
</request>
