<request version="1.00">
   <managedTransfer>
      <originator>
         <hostName>lintb001p.tjx.com</hostName>
         <userID>wmbrkadm</userID>
      </originator>
      <sourceAgent QMgr="ESBAG01P" agent="TKM.AGENTP01"/>
      <destinationAgent QMgr="IIBBK03P" agent="IIB.AGENTP01"/>
      <reply QMGR="INTBK301P">QA.IN.FTE.RESPONSE</reply>
      <transferSet>
         <metaDataSet>
            <metaData key="TransferID">12151</metaData>
            <metaData key="ESPJob">RQRRDI9P</metaData>
            <metaData key="Chain"/>
         </metaDataSet>
         <item checksumMethod="none" mode="binary">
            <source disposition="leave" type="file">
               <file>\\tkmwdw96\TJXFTPROOT\POTS2v0\Outside_Storage_Report.csv</file>
            </source>
            <destination exist="overwrite" type="file">
               <file EOL="CRLF">Outside_Storage_Report_%CDateFormatString:MMddyyyy_HHmm%.csv%</file>
               <folder>/TJXESB/data/inbound/SCMS/OUTSIDE_STORAGE/</folder>
            </destination>
         </item>
      </transferSet>
      <job>
         <name>RQRRDI9P</name>
      </job>
      <transferType>FileToFile</transferType>
   </managedTransfer>
</request>
