name,qa,prod
"S.NO","1","2"
"Environment","QA","Prod"
"Product Domain","Data & Tech - EDA_Stores&Selling","Data & Tech - EDA_Stores&Selling"
"Transfer Data Type","",""
"Encryption/Decryption Required","N","N"
"Encryption/Decryption Type","NA","NA"
"Day and Time of Transfer","Weekly once, every Sunday at 05:00 AM EST.","Weekly once, every Sunday at 05:00 AM EST."
"Predecessor Job and/or Time","",""
"Source Server","",""
"Source Protocol","",""
"Source Host","",""
"Source Port","",""
"Source Folder","\\smbp.corp.tjxcorp.net\Kronos_CAN\Kronos_CA_Prod\WMI_PROD_HOURS_EXPORT\OUTPUT\WMI_Optimized.csv","\\smbp.corp.tjxcorp.net\Kronos_CAN\Kronos_CA_Prod\WMI_PROD_HOURS_EXPORT\OUTPUT\WMI_Optimized.csv"
"Source File Name/Dataset","",""
"Source Authentication Type","",""
"Source Authentication Service Account","",""
"File Disposition (After Transfer)","",""
"Target Server","",""
"Target Protocol","",""
"Target Host","",""
"Target Port","",""
"Target Folder Name","/tjx/azureNAS/data/edw/payroll/landing/WMI_Optimized20240225_050004.csv","/tjx/azureNAS/data/edw/payroll/landing/WMI_Optimized20240225_050004.csv"
"Target File Name","",""
"Target Authentication Type","",""
"Target Authentication Service Account","",""
"MIA Task Name","",""
"File Exist Action","",""
"Comments","",""
"Frequency","Weekly once, every Sunday at 05:00 AM EST.","Weekly once, every Sunday at 05:00 AM EST."