name,qa,prod,,
S.NO,1,2,,
Environment,QA,Prod,,
Product Domain,Data & Tech - EDA_Stores&Selling,Data & Tech - EDA_Stores&Selling,,
Transfer Data Type,,text,,
Encryption/Decryption Required,N,N,,
Encryption/Decryption Type,NA,NA,,
Day and Time of Transfer,Weekly once, every Sunday at 5:00 AM EST.,Weekly once, every Sunday at 5:00 AM EST.
Predecessor Job and/or Time,,,,
MIA Task Name,,,,
Select Source,,,,
Source App Name,,,,
Source Protocol,,,,
Source Host,,,,
Source Port,,,,
Source Folder,\\smbp.corp.tjxcorp.net\Kronos_CAN\Kronos_CA_Prod\WMI_PROD_HOURS_EXPORT\OUTPUT\WMI_Actual.csv,\\smbp.corp.tjxcorp.net\Kronos_CAN\Kronos_CA_Prod\WMI_PROD_HOURS_EXPORT\OUTPUT\WMI_Actual.csv,,
Source File Name/Dataset,,,,
Source Authentication Type,,,,
Source Authentication Service Account,,,,
File Disposition (After Transfer),,,,
Select Target,,,,
Target App Name,,,,
Target Protocol,,,,
Target Host,,,,
Target Port,,,,
Target Folder Name,/tjx/azureNAS/data/edw/payroll/landing/WMI_Actual20240225_050004.csv,/tjx/azureNAS/data/edw/payroll/landing/WMI_Actual20240225_050004.csv,,
Target File Name,,,,
Target Authentication Type,,,,
Target Authentication Service Account,,,,
File Exist Action,,,,
Comments,,,,
Frequency,Weekly once, every Sunday at 5:00 AM EST.,Weekly once, every Sunday at 5:00 AM EST.
