name,qa,prod
"S.NO","1","2"
"Environment","QA","Prod"
"Product Domain","No Configuration in Control-M","No Configuration in Control-M"
"Transfer Data Type","",""
"Encryption/Decryption Required","N","N"
"Encryption/Decryption Type","NA","NA"
"Day and Time of Transfer","Weekly Run","Weekly Run"
"Predecessor Job and/or Time","",""
"Source Server","\\FRA1SFPS05P\Transcepta","\\msf1vesb56p NAC360_Sierra_Busfeed"
"Source Protocol","Share","Share"
"Source Host","\\FRA1SFPS05P.corp.tjxcorp.net\Transcepta","\\msf1vesb56p\Customer_360\CDW"
"Source Port","corp\tjxasvc-sftp","SA_UNICA_NA_C360_PRD"
"Source Folder","/tjx/iisNAS/data/edw/mdm/output/er1/Commodity_Hierarchy_ImportFile.txt","/tjx/iisNAS/data/edw/mdm/output/er1/Commodity_Hierarchy_ImportFile.txt"
"Source File Name/Dataset","",""
"Source Authentication Type","",""
"Source Authentication Service Account","",""
"File Disposition (After Transfer)","",""
"Target Server","\\FRA1BACR01P","\\msf1vesb53d NAC360"
"Target Protocol","Share","Share"
"Target Host","\\FRA1BACR01P","\\msf1vesb53d\integration_test\CUSTOMER360\CDW\Unica\Unica_outbound"
"Target Port","corp\tjxasvc-sftp",""
"Target Folder Name","D:\TJX_DRM\MDM\data\conv\in\Commodity_Hierarchy_ImportFile.txt","D:\TJX_DRM\MDM\data\conv\in\Commodity_Hierarchy_ImportFile.txt"
"Target File Name","",""
"Target Authentication Type","",""
"Target Authentication Service Account","",""
"MIA Task Name","MOM_Region_Domain_Internal_Source App Name_DestinationFilename_Target App Name_Environment","MOM_Region_Domain_Internal_Source App Name_DestinationFilename_Target App Name_Environment"
"File Exist Action","",""
"Comments","",""
"Frequency","Weekly Run","Weekly Run"