<request version="1.00">
   <managedTransfer>
      <originator>
         <hostName>lintb001p.tjx.com</hostName>
         <userID>wmbrkadm</userID>
      </originator>
      <sourceAgent QMgr="ESBAG01P" agent="DRM.AGENTP01"/>
      <destinationAgent QMgr="ESBAG01P" agent="EPMA.AGENTP01"/>
      <reply QMGR="INTBK301P">QA.IN.FTE.RESPONSE</reply>
      <transferSet>
         <metaDataSet>
            <metaData key="TransferID">10017</metaData>
            <metaData key="ESPJob">RKHMD58P</metaData>
            <metaData key="Chain"/>
         </metaDataSet>
         <item checksumMethod="MD5" mode="text">
            <source disposition="delete" type="file">
               <file>D:\DRM\Jobs\Exports\EPMA\HG_Sls\*_EPMA_SalesHG.ads</file>
            </source>
            <destination exist="overwrite" type="file">
               <file EOL="LF">NA</file>
               <folder>D:\Scripts\EPMA\Sales\HG\Metadata\Ads\</folder>
            </destination>
         </item>
      </transferSet>
      <job>
         <name>RKHMD58P</name>
      </job>
      <transferType>FileToFile</transferType>
   </managedTransfer>
</request>
