<request version="1.00">
   <managedTransfer>
      <originator>
         <hostName>lintb001p.tjx.com</hostName>
         <userID>wmbrkadm</userID>
      </originator>
      <sourceAgent QMgr="ESBAG01P" agent="INF.AGENTP01"/>
      <destinationAgent QMgr="ESBAG01P" agent="DRM.AGENTP01"/>
      <reply QMGR="INTBK301P">QA.IN.FTE.RESPONSE</reply>
      <transferSet>
         <metaDataSet>
            <metaData key="TransferID">10020</metaData>
            <metaData key="ESPJob">RXDFD44P</metaData>
            <metaData key="Chain"/>
         </metaDataSet>
         <item checksumMethod="MD5" mode="text">
            <source disposition="leave" type="file">
               <file>/tjx/iisNAS/data/edw/fp/output/common/SiteHubImport*.txt</file>
            </source>
            <destination exist="overwrite" type="file">
               <file EOL="LF">NA</file>
               <folder>D:\DRM\Jobs\Imports\SiteHub\</folder>
            </destination>
         </item>
      </transferSet>
      <job>
         <name>RXDFD44P</name>
      </job>
      <transferType>FileToFile</transferType>
   </managedTransfer>
</request>
