<request version="1.00">
   <managedTransfer>
      <originator>
         <hostName>lintb001p.tjx.com</hostName>
         <userID>wmbrkadm</userID>
      </originator>
      <sourceAgent QMgr="ESBAG01P" agent="MAT.AGENTP01"/>
      <destinationAgent QMgr="ESBAG01P" agent="SCM.AGENT01P"/>
      <reply QMGR="INTBK301P">QA.IN.FTE.RESPONSE</reply>
      <transferSet>
         <metaDataSet>
            <metaData key="TransferID">10109</metaData>
            <metaData key="ESPJob">10109</metaData>
            <metaData key="Chain"/>
         </metaDataSet>
         <item checksumMethod="MD5" mode="text">
            <source disposition="delete" type="file">
               <file>\\FRA1VSFH01P\FilePickup\StarFish*</file>
            </source>
            <destination exist="error" type="file">
               <file EOL="LF">NA</file>
               <folder>/TJXDATA/PROD/data/inbound/STARFISH/</folder>
            </destination>
         </item>
      </transferSet>
      <job>
         <name>10109</name>
      </job>
      <transferType>FileToFile</transferType>
   </managedTransfer>
</request>
