<request version="1.00">
   <managedTransfer>
      <originator>
         <hostName>lintb001p.tjx.com</hostName>
         <userID>wmbrkadm</userID>
      </originator>
      <sourceAgent QMgr="ESBAG01P" agent="EBS.AGENTP01"/>
      <destinationAgent QMgr="ESBAG01P" agent="TKM.AGENTP01"/>
      <reply QMGR="INTBK301P">QA.IN.FTE.RESPONSE</reply>
      <transferSet>
         <metaDataSet>
            <metaData key="TransferID">10107</metaData>
            <metaData key="ESPJob">RQHRD88P</metaData>
            <metaData key="Chain"/>
         </metaDataSet>
         <item checksumMethod="MD5" mode="binary">
            <source disposition="delete" type="file">
               <file>tjx/prod/applbin/fs_ne/custom/data/per/out/xxtjxpereurkronoshrextractout/de/tmp/TJXDE_ORACLE_KRONOS*</file>
            </source>
            <destination exist="error" type="file">
               <file EOL="LF">NA</file>
               <folder>\\wat1vkrn09p\hr_import\</folder>
            </destination>
         </item>
      </transferSet>
      <job>
         <name>RQHRD88P</name>
      </job>
      <transferType>FileToFile</transferType>
   </managedTransfer>
</request>
