<request version="1.00">
   <managedTransfer>
      <originator>
         <hostName>lintb001p.tjx.com</hostName>
         <userID>wmbrkadm</userID>
      </originator>
      <sourceAgent QMgr="ESBAG01P" agent="INF.AGENTP01"/>
      <destinationAgent QMgr="ESBAG01P" agent="DRM.AGENTP01"/>
      <reply QMGR="INTBK301P">QA.IN.FTE.RESPONSE</reply>
      <transferSet>
         <metaDataSet>
            <metaData key="TransferID">10116</metaData>
            <metaData key="ESPJob">RQHMM19P</metaData>
            <metaData key="Chain"/>
         </metaDataSet>
         <item checksumMethod="MD5" mode="binary">
            <source disposition="delete" type="file">
               <file>/tjx/iisNAS/data/edw/mdm/output/er1/Commodity_Hierarchy_ImportFile.txt</file>
            </source>
            <destination exist="overwrite" type="file">
               <file EOL="LF">NA</file>
               <folder>D:\TJX_DRM\MDM\data\conv\in\</folder>
            </destination>
         </item>
      </transferSet>
      <job>
         <name>RQHMM19P</name>
      </job>
      <transferType>FileToFile</transferType>
   </managedTransfer>
</request>
