<request version="1.00">
   <managedTransfer>
      <originator>
         <hostName>lintb001p.tjx.com</hostName>
         <userID>wmbrkadm</userID>
      </originator>
      <sourceAgent QMgr="ESBAG01P" agent="DRM.AGENTP01"/>
      <destinationAgent QMgr="ESBAG01P" agent="INF.AGENTP01"/>
      <reply QMGR="INTBK301P">QA.IN.FTE.RESPONSE</reply>
      <transferSet>
         <metaDataSet>
            <metaData key="TransferID">10117</metaData>
            <metaData key="ESPJob">RQHMD14P</metaData>
            <metaData key="Chain"/>
         </metaDataSet>
         <item checksumMethod="MD5" mode="binary">
            <source disposition="leave" type="file">
               <file>D:\TJX_DRM\MDM\data\DRM_interfaces\outbound\mdseh\t001\tjxe\*TJXE_EU_Merchandise_Hierarchy.txt</file>
            </source>
            <destination exist="overwrite" type="file">
               <file EOL="LF">NA</file>
               <folder>/tjx/iisNAS/data/edw/mda/landing/common/</folder>
            </destination>
         </item>
      </transferSet>
      <job>
         <name>RQHMD14P</name>
      </job>
      <transferType>FileToFile</transferType>
   </managedTransfer>
</request>
