<request version="1.00">
   <managedTransfer>
      <originator>
         <hostName>lintb001p.tjx.com</hostName>
         <userID>wmbrkadm</userID>
      </originator>
      <sourceAgent QMgr="ESBAG01P" agent="MAT.AGENTP01"/>
      <destinationAgent QMgr="ESBAG01P" agent="OEPM.AGENTP01"/>
      <reply QMGR="INTBK301P">QA.IN.FTE.RESPONSE</reply>
      <transferSet>
         <metaDataSet>
            <metaData key="TransferID">10123</metaData>
            <metaData key="ESPJob">RXARM24P</metaData>
            <metaData key="Chain"/>
         </metaDataSet>
         <item checksumMethod="MD5" mode="text">
            <source disposition="leave" type="file">
               <file>\\fra1isx01p\Finance_CO_PRD_Monthly\rates.csv</file>
            </source>
            <destination exist="overwrite" type="file">
               <file EOL="LF">NA</file>
               <folder>/tjx/hypprd/Oracle/Middleware/user_projects/epmsystem1_dhyp02p/DataLoads/PRD/</folder>
            </destination>
         </item>
      </transferSet>
      <job>
         <name>RXARM24P</name>
      </job>
      <transferType>FileToFile</transferType>
   </managedTransfer>
</request>
