<request version="1.00">
   <managedTransfer>
      <originator>
         <hostName>lintb001p.tjx.com</hostName>
         <userID>wmbrkadm</userID>
      </originator>
      <sourceAgent QMgr="ESBAG01P" agent="INF.AGENTP01"/>
      <destinationAgent QMgr="ESBAG01P" agent="TKM.AGENTP01"/>
      <reply QMGR="INTBK301P">QA.IN.FTE.RESPONSE</reply>
      <transferSet>
         <metaDataSet>
            <metaData key="TransferID">10127</metaData>
            <metaData key="ESPJob">RQCCW75P</metaData>
            <metaData key="Chain"/>
         </metaDataSet>
         <item checksumMethod="none" mode="text">
            <source disposition="delete" type="file">
               <file>/tjx/iisNAS/data/edw/mda/output/er1/Qc1_Zn_Extract.txt</file>
            </source>
            <destination exist="overwrite" type="file">
               <file EOL="CRLF">Qc1_Zn_Extract.txt</file>
               <folder>\\wat1vftp01p\CommonSchema\Inbound\Mainframe\</folder>
            </destination>
         </item>
      </transferSet>
      <job>
         <name>RQCCW75P</name>
      </job>
      <transferType>FileToFile</transferType>
   </managedTransfer>
</request>
