<request version="1.00">
   <managedTransfer>
      <originator>
         <hostName>lintb001p.tjx.com</hostName>
         <userID>wmbrkadm</userID>
      </originator>
      <sourceAgent QMgr="ESBAG01P" agent="DCIM.AGENTP02"/>
      <destinationAgent QMgr="ESBAG01P" agent="MAT.AGENTP01"/>
      <reply QMGR="INTBK301P">QA.IN.FTE.RESPONSE</reply>
      <transferSet>
         <metaDataSet>
            <metaData key="TransferID">10132</metaData>
            <metaData key="ESPJob">RXDZW02P</metaData>
            <metaData key="Chain"/>
         </metaDataSet>
         <item checksumMethod="MD5" mode="text">
            <source disposition="leave" type="file">
               <file>/dcim/backup/Asset_File/DCIMAssetsData.csv</file>
            </source>
            <destination exist="overwrite" type="file">
               <file EOL="LF">DCIMAssetsData.csv</file>
               <folder>\\ATL1VACM01P\DCIM_file\</folder>
            </destination>
         </item>
      </transferSet>
      <job>
         <name>RXDZW02P</name>
      </job>
      <transferType>FileToFile</transferType>
   </managedTransfer>
</request>
