<request version="1.00">
   <managedTransfer>
      <originator>
         <hostName>lintb001p.tjx.com</hostName>
         <userID>wmbrkadm</userID>
      </originator>
      <sourceAgent QMgr="ESBAG01P" agent="MAT.AGENTP01"/>
      <destinationAgent QMgr="ESBAG01P" agent="DCIM.AGENTP01"/>
      <reply QMGR="INTBK301P">QA.IN.FTE.RESPONSE</reply>
      <transferSet>
         <metaDataSet>
            <metaData key="TransferID">10131</metaData>
            <metaData key="ESPJob">RXDZW01P</metaData>
            <metaData key="Chain"/>
         </metaDataSet>
         <item checksumMethod="MD5" mode="text">
            <source disposition="leave" type="file">
               <file>\\fra1isx01p\\CIS\\CTC\\CTC_Facilities_Data\*.*</file>
            </source>
            <destination exist="overwrite" type="file">
               <file EOL="LF">NA</file>
               <folder>/dcim/backup/facilities_file</folder>
            </destination>
         </item>
      </transferSet>
      <job>
         <name>RXDZW01P</name>
      </job>
      <transferType>FileToFile</transferType>
   </managedTransfer>
</request>
