<request version="1.00">
   <managedTransfer>
      <originator>
         <hostName>lintb001p.tjx.com</hostName>
         <userID>wmbrkadm</userID>
      </originator>
      <sourceAgent QMgr="ESBAG01P" agent="EBS.AGENTP01"/>
      <destinationAgent QMgr="ESBAG01P" agent="INF.AGENTP01"/>
      <reply QMGR="INTBK301P">QA.IN.FTE.RESPONSE</reply>
      <transferSet>
         <metaDataSet>
            <metaData key="TransferID">10170</metaData>
            <metaData key="ESPJob">RXSBD02P</metaData>
            <metaData key="Chain"/>
         </metaDataSet>
         <item checksumMethod="none" mode="binary">
            <source disposition="leave" type="file">
               <file>/tjx/prod/applbin/fs_ne/custom/data/pos/out/xxtjxposedwsuppextract/tmp/SUPP_*.xml*</file>
            </source>
            <destination exist="overwrite" type="file">
               <file EOL="LF">NA</file>
               <folder>/tjx/iisNAS/data/edw/mda/landing/common/ </folder>
            </destination>
         </item>
      </transferSet>
      <job>
         <name>RXSBD02P</name>
      </job>
      <transferType>FileToFile</transferType>
   </managedTransfer>
</request>
