<request version="1.00">
   <managedTransfer>
      <originator>
         <hostName>lintb001p.tjx.com</hostName>
         <userID>wmbrkadm</userID>
      </originator>
      <sourceAgent QMgr="ESBAG01P" agent="EBS.AGENTP01"/>
      <destinationAgent QMgr="ESBAG01P" agent="MAT.AGENTP01"/>
      <reply QMGR="INTBK301P">QA.IN.FTE.RESPONSE</reply>
      <transferSet>
         <metaDataSet>
            <metaData key="TransferID">10188</metaData>
            <metaData key="ESPJob">RLHRD26P</metaData>
            <metaData key="Chain"/>
         </metaDataSet>
         <item checksumMethod="MD5" mode="text">
            <source disposition="delete" type="file">
               <file>/tjx/prod/applbin/fs_ne/custom/data/per/out/xxtjxper_wmi_dc_kronos_hr_out/tmp/WMI_DC_EMP.CSV_*</file>
            </source>
            <destination exist="overwrite" type="file">
               <file EOL="CRLF">WMI_DC_EMP.CSV</file>
               <folder>\\smbp.corp.tjxcorp.net\Kronos_DC\Kronos_DC_Prod\Winners DC\EMPLOYEE\</folder>
            </destination>
         </item>
      </transferSet>
      <job>
         <name>RLHRD26P</name>
      </job>
      <transferType>FileToFile</transferType>
   </managedTransfer>
</request>
