<request version="1.00">
   <managedTransfer>
      <originator>
         <hostName>lintb001p.tjx.com</hostName>
         <userID>wmbrkadm</userID>
      </originator>
      <sourceAgent QMgr="ESBAG01P" agent="INF.AGENTP01"/>
      <destinationAgent QMgr="FTA1" agent="FTA1.AGENTP01"/>
      <reply QMGR="INTBK301P">QA.IN.FTE.RESPONSE</reply>
      <transferSet>
         <metaDataSet>
            <metaData key="TransferID">10246</metaData>
            <metaData key="ESPJob">RQDHD14P</metaData>
            <metaData key="Chain"/>
         </metaDataSet>
         <item checksumMethod="MD5" mode="binary">
            <source disposition="leave" type="file">
               <file EOL="LF">/tjx/iisNAS/data/rmsint/sales_data/balanced_file/target/*.*</file>
            </source>
            <destination exist="error" type="dataset">
               <file>//'EQ.SA.QSA2541D(+1)';DSORG(PS);RECFM(F,B);BLKSIZE(27900);LRECL(100);TRACKS;SPACE(3000,750)</file>
            </destination>
         </item>
      </transferSet>
      <job>
         <name>RQDHD14P</name>
      </job>
      <transferType>FileToDataSet</transferType>
   </managedTransfer>
</request>
