<request version="1.00">
   <managedTransfer>
      <originator>
         <hostName>lintb001p.tjx.com</hostName>
         <userID>wmbrkadm</userID>
      </originator>
      <sourceAgent QMgr="ESBAG01P" agent="INF.AGENTP01"/>
      <destinationAgent QMgr="ESBAG01P" agent="MAT.AGENTP01"/>
      <reply QMGR="INTBK301P">QA.IN.FTE.RESPONSE</reply>
      <transferSet>
         <metaDataSet>
            <metaData key="TransferID">10287</metaData>
            <metaData key="ESPJob"/>
            <metaData key="Chain"/>
         </metaDataSet>
         <item checksumMethod="MD5" mode="text">
            <source disposition="leave" type="file">
               <file>/tjx/iisNAS/data/rmsint/POEMReconReport/output/ExceptionReport_Adhoc_*.*</file>
            </source>
            <destination exist="overwrite" type="file">
               <file EOL="LF">NA</file>
               <folder>\\nwa1gmi01p.TJX.com\vDM4_SC_GMI\PO_Reconciliation_Exception_Reports\Production\Adhoc\</folder>
            </destination>
         </item>
      </transferSet>
      <job>
         <name/>
      </job>
      <transferType>FileToFile</transferType>
   </managedTransfer>
</request>
