<request version="1.00">
   <managedTransfer>
      <originator>
         <hostName>lintb001p.tjx.com</hostName>
         <userID>wmbrkadm</userID>
      </originator>
      <sourceAgent QMgr="FTA1" agent="FTA1.AGENTP01"/>
      <destinationAgent QMgr="ESBAG01P" agent="MAT.AGENTP01"/>
      <reply QMGR="INTBK301P">QA.IN.FTE.RESPONSE</reply>
      <transferSet>
         <metaDataSet>
            <metaData key="TransferID">10290</metaData>
            <metaData key="ESPJob"/>
            <metaData key="Chain"/>
         </metaDataSet>
         <item checksumMethod="MD5" mode="text">
            <source disposition="leave" type="file">
               <file keepTrailingSpaces="true">//'PN.PR.NPR3231M(0)'</file>
            </source>
            <destination exist="overwrite" type="file">
               <file EOL="LF">STBDG_08.CSV</file>
               <folder>\\smbp.corp.tjxcorp.net\Kronos_WFC\KRONOS_US_PROD\SCHEDULE_BUDGET_IMPORT\INCOMING\</folder>
            </destination>
         </item>
      </transferSet>
      <job>
         <name/>
      </job>
      <transferType>DataSetToFile</transferType>
   </managedTransfer>
</request>
