<request version="1.00">
   <managedTransfer>
      <originator>
         <hostName>lintb001p.tjx.com</hostName>
         <userID>wmbrkadm</userID>
      </originator>
      <sourceAgent QMgr="ESBAG01P" agent="IFD.AGENTP01"/>
      <destinationAgent QMgr="FTA1" agent="FTA1.AGENTP01"/>
      <reply QMGR="INTBK301P">QA.IN.FTE.RESPONSE</reply>
      <transferSet>
         <metaDataSet>
            <metaData key="TransferID">10325</metaData>
            <metaData key="ESPJob">RQDHD28P</metaData>
            <metaData key="Chain"/>
         </metaDataSet>
         <item checksumMethod="MD5" mode="binary">
            <source disposition="leave" type="file">
               <file EOL="LF">/tjx/iisNAS/data/rmsint/financial_trx/target/FINANCE_TRX_IMPLIED_BILLING_SNP*</file>
            </source>
            <destination exist="error" type="dataset">
               <file>//'EQ.MC.QMC8711D';DSORG(PS);RECFM(F,B);BLKSIZE(0);LRECL(80);CYL;SPACE(100,25)</file>
            </destination>
         </item>
      </transferSet>
      <job>
         <name>RQDHD28P</name>
      </job>
      <transferType>FileToDataSet</transferType>
   </managedTransfer>
</request>
