<request version="1.00">
   <managedTransfer>
      <originator>
         <hostName>lintb001p.tjx.com</hostName>
         <userID>wmbrkadm</userID>
      </originator>
      <sourceAgent QMgr="ESBAG01P" agent="ESB.AGENTP01"/>
      <destinationAgent QMgr="FTA1" agent="FTA1.AGENTP01"/>
      <reply QMGR="INTBK301P">QA.IN.FTE.RESPONSE</reply>
      <transferSet>
         <metaDataSet>
            <metaData key="TransferID">10331</metaData>
            <metaData key="ESPJob">RQCPD02P</metaData>
            <metaData key="Chain"/>
         </metaDataSet>
         <item checksumMethod="MD5" mode="text">
            <source disposition="delete" type="file">
               <file EOL="LF">/TJXESB/data/inbound/WorldPay/Worldpay_DailyOfflineTokens_001.dat</file>
            </source>
            <destination exist="overwrite" type="dataset">
               <file>//'EQ.DS.QDS0802D(+1)';RECFM(F,B);BLKSIZE(27960);LRECL(60);TRACKS;SPACE(800,200)</file>
            </destination>
         </item>
      </transferSet>
      <job>
         <name>RQCPD02P</name>
      </job>
      <transferType>FileToDataSet</transferType>
   </managedTransfer>
</request>
