<request version="1.00">
   <managedTransfer>
      <originator>
         <hostName>lintb001p.tjx.com</hostName>
         <userID>wmbrkadm</userID>
      </originator>
      <sourceAgent QMgr="ESBAG01P" agent="MAT.AGENTP01"/>
      <destinationAgent QMgr="ESBAG01P" agent="RMS.AGENTP01"/>
      <reply QMGR="INTBK301P">QA.IN.FTE.RESPONSE</reply>
      <transferSet>
         <metaDataSet>
            <metaData key="TransferID">10400</metaData>
            <metaData key="ESPJob">RQRRM06P</metaData>
            <metaData key="Chain"/>
         </metaDataSet>
         <item checksumMethod="MD5" mode="text">
            <source disposition="leave" type="file">
               <file>\\wpom001p\PurgeShare\EQ.PO.QPO1521M</file>
            </source>
            <destination exist="overwrite" type="file">
               <file EOL="LF">tjx_order_purgedate_%CDateFormatString:yyyyMMddkkmmss%.txt%</file>
               <folder>/tjx/appmomep/app/mmhome/tjx_rms_custom/external/data/inbound/PO_Purge/</folder>
            </destination>
         </item>
      </transferSet>
      <job>
         <name>RQRRM06P</name>
      </job>
      <transferType>FileToFile</transferType>
   </managedTransfer>
</request>
