<request version="1.00">
   <managedTransfer>
      <originator>
         <hostName>lintb001p.tjx.com</hostName>
         <userID>wmbrkadm</userID>
      </originator>
      <sourceAgent QMgr="ESBAG01P" agent="DWH.AGENTP01"/>
      <destinationAgent QMgr="ESBAG01P" agent="MAT.AGENTP01"/>
      <reply QMGR="INTBK301P">QA.IN.FTE.RESPONSE</reply>
      <transferSet>
         <metaDataSet>
            <metaData key="TransferID">10471</metaData>
            <metaData key="ESPJob">RLKRW44P</metaData>
            <metaData key="Chain"/>
         </metaDataSet>
         <item checksumMethod="MD5" mode="text">
            <source disposition="leave" type="file">
               <file>/tjx/tjx/prod/dwsc/ftpout/wfm/PRE_WMITXSFL.txt</file>
            </source>
            <destination exist="overwrite" type="file">
               <file EOL="CRLF">PRE_WMITXSFL.txt</file>
               <folder>\\smbp.corp.tjxcorp.net\Kronos_CAn\Kronos_CA_Prod\WMI_POS_IMPORT\INCOMING\</folder>
            </destination>
         </item>
      </transferSet>
      <job>
         <name>RLKRW44P</name>
      </job>
      <transferType>FileToFile</transferType>
   </managedTransfer>
</request>
