<request version="1.00">
   <managedTransfer>
      <originator>
         <hostName>lintb001p.tjx.com</hostName>
         <userID>wmbrkadm</userID>
      </originator>
      <sourceAgent QMgr="ESBAG01P" agent="DWH.AGENTP01"/>
      <destinationAgent QMgr="ESBAG01P" agent="WMI.AGENTP01"/>
      <reply QMGR="INTBK301P">QA.IN.FTE.RESPONSE</reply>
      <transferSet>
         <metaDataSet>
            <metaData key="TransferID">10472</metaData>
            <metaData key="ESPJob">RLKRW31P</metaData>
            <metaData key="Chain"/>
         </metaDataSet>
         <item checksumMethod="MD5" mode="text">
            <source disposition="leave" type="file">
               <file>/tjx/tjx/prod/dwsc/ftpout/wfm/TM1WMI*.txt</file>
            </source>
            <destination exist="overwrite" type="file">
               <file EOL="CRLF">NA</file>
               <folder>\\ARO1STM101P\FTE\TM1_KRONOS\INCOMING\NT_TM1_POS_DATA\</folder>
            </destination>
         </item>
      </transferSet>
      <job>
         <name>RLKRW31P</name>
      </job>
      <transferType>FileToFile</transferType>
   </managedTransfer>
</request>
