<request version="1.00">
   <managedTransfer>
      <originator>
         <hostName>lintb001p.tjx.com</hostName>
         <userID>wmbrkadm</userID>
      </originator>
      <sourceAgent QMgr="ESBAG01P" agent="SCM.AGENT01P"/>
      <destinationAgent QMgr="ESBAG01P" agent="VOR.AGENTP01"/>
      <reply QMGR="INTBK301P">QA.IN.FTE.RESPONSE</reply>
      <transferSet>
         <metaDataSet>
            <metaData key="TransferID">10526</metaData>
            <metaData key="ESPJob">RXSVD86P</metaData>
            <metaData key="Chain"/>
         </metaDataSet>
         <item checksumMethod="MD5" mode="text">
            <source disposition="delete" type="file">
               <file>/TJXDATA/PROD/data/MQFTE/SierraSettlement/SVS/3PSAC_TJXUSTAD_*.txt</file>
            </source>
            <destination exist="overwrite" type="file">
               <file EOL="LF">NA</file>
               <folder>D:\Data\inbound\SVS\TAD\encrypt\</folder>
            </destination>
         </item>
      </transferSet>
      <job>
         <name>RXSVD86P</name>
      </job>
      <transferType>FileToFile</transferType>
   </managedTransfer>
</request>
