<request version="1.00">
   <managedTransfer>
      <originator>
         <hostName>lintb001p.tjx.com</hostName>
         <userID>wmbrkadm</userID>
      </originator>
      <sourceAgent QMgr="FTA1" agent="FTA1.AGENTP01"/>
      <destinationAgent QMgr="ESBAG01P" agent="FTS.AGENTP01"/>
      <reply QMGR="INTBK301P">QA.IN.FTE.RESPONSE</reply>
      <transferSet>
         <metaDataSet>
            <metaData key="TransferID">10523</metaData>
            <metaData key="ESPJob">RXDOD92P</metaData>
            <metaData key="Chain"/>
         </metaDataSet>
         <item checksumMethod="MD5" mode="text">
            <source disposition="leave" type="file">
               <file>//'PN.DS.NDS8461D(0)'</file>
            </source>
            <destination exist="error" type="file">
               <file EOL="CRLF">TJX_TJXID_%CDateFormatString:yyyyMMdd_hhmm%.txt.KOBIELOY%</file>
               <folder>/TJXESB/data/vendors/kobie_customer/transactiondata/transit/prd/</folder>
            </destination>
         </item>
      </transferSet>
      <job>
         <name>RXDOD92P</name>
      </job>
      <transferType>DataSetToFile</transferType>
   </managedTransfer>
</request>
