<request version="1.00">
   <managedTransfer>
      <originator>
         <hostName>lintb001p.tjx.com</hostName>
         <userID>wmbrkadm</userID>
      </originator>
      <sourceAgent QMgr="ESBAG01P" agent="EBS.AGENTP01"/>
      <destinationAgent QMgr="ESBAG01P" agent="MAT.AGENTP01"/>
      <reply QMGR="INTBK301P">QA.IN.FTE.RESPONSE</reply>
      <transferSet>
         <metaDataSet>
            <metaData key="TransferID">10580</metaData>
            <metaData key="ESPJob">RXHSW21P</metaData>
            <metaData key="Chain"/>
         </metaDataSet>
         <item checksumMethod="MD5" mode="binary">
            <source disposition="leave" type="file">
               <file>/tjx/prod/applbin/fs_ne/custom/data/per/out/xxtjxpersffdfamjobrole/tmp/tjx_famrole.txt*</file>
            </source>
            <destination exist="overwrite" type="file">
               <file EOL="LF">tjx_famrole.txt</file>
               <folder>\\fra1vfps07p\Oracle_Production\ERP_DataEntry\SuccessFactors\prod\Foundation_Data\</folder>
            </destination>
         </item>
      </transferSet>
      <job>
         <name>RXHSW21P</name>
      </job>
      <transferType>FileToFile</transferType>
   </managedTransfer>
</request>
