<request version="1.00">
   <managedTransfer>
      <originator>
         <hostName>lintb001p.tjx.com</hostName>
         <userID>wmbrkadm</userID>
      </originator>
      <sourceAgent QMgr="ESBAG01P" agent="INF.AGENTP01"/>
      <destinationAgent QMgr="ESBAG01P" agent="MAT.AGENTP01"/>
      <reply QMGR="INTBK301P">QA.IN.FTE.RESPONSE</reply>
      <transferSet>
         <metaDataSet>
            <metaData key="TransferID">10813</metaData>
            <metaData key="ESPJob">RXSXW97P</metaData>
            <metaData key="Chain"/>
         </metaDataSet>
         <item checksumMethod="MD5" mode="binary">
            <source disposition="leave" type="file">
               <file>/tjx/iisNAS/data/IDS/worker/output/common/ItimData.csv</file>
            </source>
            <destination exist="overwrite" type="file">
               <file EOL="LF">NA</file>
               <folder>\\nfsp.corp.tjxcorp.net\SOX_Data_Files\SOX59\Extracts\</folder>
            </destination>
         </item>
      </transferSet>
      <job>
         <name>RXSXW97P</name>
      </job>
      <transferType>FileToFile</transferType>
   </managedTransfer>
</request>
