<request version="1.00">
   <managedTransfer>
      <originator>
         <hostName>lintb001p.tjx.com</hostName>
         <userID>wmbrkadm</userID>
      </originator>
      <sourceAgent QMgr="ESBAG01P" agent="MAT.AGENTP01"/>
      <destinationAgent QMgr="ESBAG01P" agent="INF.AGENTP01"/>
      <reply QMGR="INTBK301P">QA.IN.FTE.RESPONSE</reply>
      <transferSet>
         <metaDataSet>
            <metaData key="TransferID">10824</metaData>
            <metaData key="ESPJob">RKDJW29P</metaData>
            <metaData key="Chain"/>
         </metaDataSet>
         <item checksumMethod="MD5" mode="text">
            <source disposition="leave" type="file">
               <file>\\MSF1VFTS01P\SFTP Folders$\2khgftp\transportation\cr*</file>
            </source>
            <destination exist="overwrite" type="file">
               <file EOL="LF">NA</file>
               <folder>/tjx/iisNAS/data/edw/jda/input/</folder>
            </destination>
         </item>
      </transferSet>
      <job>
         <name>RKDJW29P</name>
      </job>
      <transferType>FileToFile</transferType>
   </managedTransfer>
</request>
