<request version="1.00">
   <managedTransfer>
      <originator>
         <hostName>lintb001p.tjx.com</hostName>
         <userID>wmbrkadm</userID>
      </originator>
      <sourceAgent QMgr="ESBAG01P" agent="SCAN.AGENTPSTOK"/>
      <destinationAgent QMgr="ESBAG01P" agent="IFD.AGENTP01"/>
      <reply QMGR="INTBK301P">QA.IN.FTE.RESPONSE</reply>
      <transferSet>
         <metaDataSet>
            <metaData key="TransferID">10821</metaData>
            <metaData key="ESPJob">RQRGR13P</metaData>
            <metaData key="Chain"/>
         </metaDataSet>
         <item checksumMethod="MD5" mode="text">
            <source disposition="leave" type="file">
               <file>/RMS_POSTINV/DCINPYTR*</file>
            </source>
            <destination exist="overwrite" type="file">
               <file EOL="LF">DCINPYTR_807_%CDateFormatString:yyyyMMddHHmm%.dat</file>
               <folder>/tjx/iisNAS/data/rmsint/inventory_cnt/dc/source/</folder>
            </destination>
         </item>
      </transferSet>
      <job>
         <name>RQRGR13P</name>
      </job>
      <transferType>FileToFile</transferType>
   </managedTransfer>
</request>
