<request version="1.00">
   <managedTransfer>
      <originator>
         <hostName>lintb001p.tjx.com</hostName>
         <userID>wmbrkadm</userID>
      </originator>
      <sourceAgent QMgr="IIBBK03P" agent="IIB.AGENTP01"/>
      <destinationAgent QMgr="ESBAG01P" agent="EWM.AGENTP01"/>
      <reply QMGR="INTBK301P">QA.IN.FTE.RESPONSE</reply>
      <transferSet>
         <metaDataSet>
            <metaData key="TransferID">10850</metaData>
            <metaData key="ESPJob">RXEKR07P</metaData>
            <metaData key="Chain"/>
         </metaDataSet>
         <item checksumMethod="MD5" mode="binary">
            <source disposition="delete" type="file">
               <file>/TJXESB/data/transit/NSArchive/TJX_NetSuiteArchive.dat</file>
            </source>
            <destination exist="error" type="file">
               <file EOL="CRLF">NA</file>
               <folder>J:\FTP\NetsuiteArchive_Open_Close_Inbound\</folder>
            </destination>
         </item>
      </transferSet>
      <job>
         <name>RXEKR07P</name>
      </job>
      <transferType>FileToFile</transferType>
   </managedTransfer>
</request>
