<request version="1.00">
   <managedTransfer>
      <originator>
         <hostName>lintb001p.tjx.com</hostName>
         <userID>wmbrkadm</userID>
      </originator>
      <sourceAgent QMgr="ESBAG01P" agent="VOR.AGENTP01"/>
      <destinationAgent QMgr="ESBAG01P" agent="SCM.AGENT01P"/>
      <reply QMGR="INTBK301P">QA.IN.FTE.RESPONSE</reply>
      <transferSet>
         <metaDataSet>
            <metaData key="TransferID">10891</metaData>
            <metaData key="ESPJob">RXSVD91P</metaData>
            <metaData key="Chain"/>
         </metaDataSet>
         <item checksumMethod="MD5" mode="binary">
            <source disposition="delete" type="file">
               <file>D:\Data\Inbound\SVS\SettlementException\3psac_*.exception</file>
            </source>
            <destination exist="overwrite" type="file">
               <file EOL="LF">NA</file>
               <folder>/TJXDATA/PROD/data/inbound/USEcomm/SettlementException/</folder>
            </destination>
         </item>
      </transferSet>
      <job>
         <name>RXSVD91P</name>
      </job>
      <transferType>FileToFile</transferType>
   </managedTransfer>
</request>
