<request version="1.00">
   <managedTransfer>
      <originator>
         <hostName>lintb001p.tjx.com</hostName>
         <userID>wmbrkadm</userID>
      </originator>
      <sourceAgent QMgr="ESBAG01P" agent="EBS.AGENTP01"/>
      <destinationAgent QMgr="ESBAG01P" agent="STP.AGENTP01"/>
      <reply QMGR="INTBK301P">QA.IN.FTE.RESPONSE</reply>
      <transferSet>
         <metaDataSet>
            <metaData key="TransferID">10902</metaData>
            <metaData key="ESPJob">RSHSD40P</metaData>
            <metaData key="Chain"/>
         </metaDataSet>
         <item checksumMethod="MD5" mode="binary">
            <source disposition="delete" type="file">
               <file>/tjx/prod/applbin/fs_ne/custom/data/per/out/xxtjxperinsphrdataout/tmp/TJX_STP_INSPERITY_HR_OUTBOUND.csv*</file>
            </source>
            <destination exist="overwrite" type="file">
               <file EOL="LF">TJX_STP_INSPERITY_HR_OUTBOUND.csv</file>
               <folder>C:\Insperity\HR\</folder>
            </destination>
         </item>
      </transferSet>
      <job>
         <name>RSHSD40P</name>
      </job>
      <transferType>FileToFile</transferType>
   </managedTransfer>
</request>
