<request version="1.00">
   <managedTransfer>
      <originator>
         <hostName>lintb001p.tjx.com</hostName>
         <userID>wmbrkadm</userID>
      </originator>
      <sourceAgent QMgr="ESBAG01P" agent="STP.AGENTP01"/>
      <destinationAgent QMgr="ESBAG01P" agent="EBS.AGENTP01"/>
      <reply QMGR="INTBK301P">QA.IN.FTE.RESPONSE</reply>
      <transferSet>
         <metaDataSet>
            <metaData key="TransferID">10904</metaData>
            <metaData key="ESPJob">RXPRW03P</metaData>
            <metaData key="Chain"/>
         </metaDataSet>
         <item checksumMethod="MD5" mode="text">
            <source disposition="delete" type="file">
               <file>C:\Insperity\Time\TJX_Insperity_Time_In.csv</file>
            </source>
            <destination exist="overwrite" type="file">
               <file EOL="LF">TJX_Insperity_Time_In.csv</file>
               <folder>/tjx/prod/applbin/fs_ne/custom/data/pay/in/xxtjxpayinsperitytimebeein/tmp/</folder>
            </destination>
         </item>
      </transferSet>
      <job>
         <name>RXPRW03P</name>
      </job>
      <transferType>FileToFile</transferType>
   </managedTransfer>
</request>
