<request version="1.00">
   <managedTransfer>
      <originator>
         <hostName>lintb001p.tjx.com</hostName>
         <userID>wmbrkadm</userID>
      </originator>
      <sourceAgent QMgr="ESBAG01P" agent="AFS.AGENTP01"/>
      <destinationAgent QMgr="ESBAG01P" agent="INF.AGENTP01"/>
      <reply QMGR="INTBK301P">QA.IN.FTE.RESPONSE</reply>
      <transferSet>
         <metaDataSet>
            <metaData key="TransferID">10915</metaData>
            <metaData key="ESPJob">RKNPD07P</metaData>
            <metaData key="Chain"/>
         </metaDataSet>
         <item checksumMethod="none" mode="text">
            <source disposition="delete" type="file">
               <file>D:\rws\Production\Software\Triversity\Tax\vFY12\Xstore\TJH\taxtable.*.txt</file>
            </source>
            <destination exist="overwrite" type="file">
               <file EOL="LF">NA</file>
               <folder>/tjx/iisNAS/data/NEWPOS/POS/input/homegoods/</folder>
            </destination>
         </item>
      </transferSet>
      <job>
         <name>RKNPD07P</name>
      </job>
      <transferType>FileToFile</transferType>
   </managedTransfer>
</request>
