<request version="1.00">
   <managedTransfer>
      <originator>
         <hostName>lintb001p.tjx.com</hostName>
         <userID>wmbrkadm</userID>
      </originator>
      <sourceAgent QMgr="ESBAG01P" agent="INF.AGENTP01"/>
      <destinationAgent QMgr="ESBAG01P" agent="AFS.AGENTP01"/>
      <reply QMGR="INTBK301P">QA.IN.FTE.RESPONSE</reply>
      <transferSet>
         <metaDataSet>
            <metaData key="TransferID">10919</metaData>
            <metaData key="ESPJob">RKNPD15P</metaData>
            <metaData key="Chain"/>
         </metaDataSet>
         <item checksumMethod="none" mode="text">
            <source disposition="delete" type="file">
               <file>/tjx/iisNAS/data/NEWPOS/POS/SecureData/output/homegoods/Tlog/TodaySales.*.dat</file>
            </source>
            <destination exist="error" type="file">
               <file EOL="LF">NA</file>
               <folder>D:\rws\Production\Data\Upload\TJH\Xstore\</folder>
            </destination>
         </item>
      </transferSet>
      <job>
         <name>RKNPD15P</name>
      </job>
      <transferType>FileToFile</transferType>
   </managedTransfer>
</request>
