<request version="1.00">
   <managedTransfer>
      <originator>
         <hostName>lintb001p.tjx.com</hostName>
         <userID>wmbrkadm</userID>
      </originator>
      <sourceAgent QMgr="ESBAG01P" agent="TDI.AGENTP01"/>
      <destinationAgent QMgr="ESBAG01P" agent="INF.AGENTP01"/>
      <reply QMGR="INTBK301P">QA.IN.FTE.RESPONSE</reply>
      <transferSet>
         <metaDataSet>
            <metaData key="TransferID">12000</metaData>
            <metaData key="ESPJob">RXITD34P</metaData>
            <metaData key="Chain"/>
         </metaDataSet>
         <item checksumMethod="none" mode="text">
            <source disposition="delete" type="file">
               <file>D:\data\ITIM_IDS\Output\itim_asset_*.csv</file>
            </source>
            <destination exist="error" type="file">
               <file EOL="LF">NA</file>
               <folder>/tjx/iisNAS/data/IDS/empservices/landing/</folder>
            </destination>
         </item>
      </transferSet>
      <job>
         <name>RXITD34P</name>
      </job>
      <transferType>FileToFile</transferType>
   </managedTransfer>
</request>
