<request version="1.00">
   <managedTransfer>
      <originator>
         <hostName>lintb001p.tjx.com</hostName>
         <userID>wmbrkadm</userID>
      </originator>
      <sourceAgent QMgr="ESBAG01P" agent="EBS.AGENTP01"/>
      <destinationAgent QMgr="ESBAG01P" agent="TKM.AGENTP01"/>
      <reply QMGR="INTBK301P">QA.IN.FTE.RESPONSE</reply>
      <transferSet>
         <metaDataSet>
            <metaData key="TransferID">12016</metaData>
            <metaData key="ESPJob">RQHSD19P</metaData>
            <metaData key="Chain"/>
         </metaDataSet>
         <item checksumMethod="none" mode="binary">
            <source disposition="delete" type="file">
               <file>/tjx/prod/applbin/fs_ne/custom/data/per/out/xxtjxpereuo2kout/tmp/O2K_PERSON_*.txt</file>
            </source>
            <destination exist="error" type="file">
               <file EOL="LF">NA</file>
               <folder>\\WAT1VDAT21P\KRONOSPROD\PersonImport\</folder>
            </destination>
         </item>
      </transferSet>
      <job>
         <name>RQHSD19P</name>
      </job>
      <transferType>FileToFile</transferType>
   </managedTransfer>
</request>
