<request version="1.00">
   <managedTransfer>
      <originator>
         <hostName>lintb001p.tjx.com</hostName>
         <userID>wmbrkadm</userID>
      </originator>
      <sourceAgent QMgr="ESBAG01P" agent="FTS.AGENTP01"/>
      <destinationAgent QMgr="INTBK301P" agent="INT.AGENTP01"/>
      <reply QMGR="INTBK301P">QA.IN.FTE.RESPONSE</reply>
      <transferSet>
         <metaDataSet>
            <metaData key="TransferID">12112</metaData>
            <metaData key="ESPJob">RTEKDC1P</metaData>
            <metaData key="Chain"/>
         </metaDataSet>
         <item checksumMethod="MD5" mode="binary">
            <source disposition="delete" type="file">
               <file>/TJXESB/data/inbound/prd/product_update_*.psv</file>
            </source>
            <destination exist="error" type="file">
               <file EOL="CRLF">NA</file>
               <folder>/TJXDATA/PROD/inbound/DHLRP/</folder>
            </destination>
         </item>
      </transferSet>
      <job>
         <name>RTEKDC1P</name>
      </job>
      <transferType>FileToFile</transferType>
   </managedTransfer>
</request>
