﻿Type,ID,Name,Desc,host/unc,subdetail
SSHFTP,857877118,(ftststinternal.tjx.com)_Local User,,ftststinternal.tjx.com,22
Share,819882473,\\aro1stm101d\Bkup,TM1 Canada Development server,\\aro1stm101d\Bkup,corp\tjxasvc-sftp
Share,315458149,\\FRA1BACR01P,,\\FRA1BACR01P,corp\tjxasvc-sftp
Share,154164958,\\Fra1isx01p SA-MIA-NP-FRA1ISX01P,,\\fra1isx01p.corp.tjxcorp.net,SA-MIA-NP-FRA1ISX01P
Share,292660445,\\FRA1SFPS05P\Transcepta,,\\FRA1SFPS05P.corp.tjxcorp.net\Transcepta,corp\tjxasvc-sftp
Share,512910529,\\fra1vfps07p.corp.tjxcorp.net,,\\fra1vfps07p.corp.tjxcorp.net,corp\TJXASVC-SFTP
Share,584215009,\\MEL1VFSS01D,,\\MEL1VFSS01D,corp\tjxasvc-sftp
Share,557561356,\\mis1isi01s\MerchAcctg,,\\mis1isi01s\MerchAcctg,suk00002
Share,595247833,\\msf1veco01p.corp.tjxcorp.net\eCommReports\SourceFiles\Test,Digital reporting,\\msf1veco01p.corp.tjxcorp.net\eCommReports\SourceFiles\Test,tjxasvc-sftp
Share,507817811,\\msf1vesb51p\ACE_SHARE,,\\msf1vesb51p\ACE_SHARE,corp\cha00944
Share,352138698,\\msf1vesb53d,,\\msf1vesb53d,
Share,781243850,\\msf1vesb53d EU360,,\\msf1vesb53d\integration_test\CUSTOMER360\CDW\Unica_EU\Unica_outbound,
Share,136902918,\\msf1vesb53d EU360_RTBF,,\\msf1vesb53d\integration_test\CUSTOMER360\EU 360\RTBF,
Share,476748932,\\msf1vesb53d NAC360,,\\msf1vesb53d\integration_test\CUSTOMER360\CDW\Unica\Unica_outbound,
Share,294069946,\\msf1vesb53d NAC360_NonProd,,\\msf1vesb53d\integration_test\CUSTOMER360\CDW,SA-UNICA-SD-C360-DEV
Share,772720674,\\msf1vesb53d\integration_test,,\\msf1vesb53d\integration_test\CDW,
Share,950802922,\\msf1vfts01p,,\\msf1vfts01p,corp\tjxasvc-sftp
Share,636754901,\\msf1vpeg15s,,\\msf1vpeg15s\soa_offshore_team,rav00019
Share,358215371,\\MSF1VPFS02P,\\MSF1VPFS02P Windows File share Canada LP Hierarchy,\\mSF1VPFS02p,CORP\SA-APPRISS-CA-TEST
Share,438576472,\\msf1vweb01d,msf1vweb01d,\\msf1vweb01d,corp\tjxasvc-sftp
Share,193269688,\\MSF1VWEB01S,,\\MSF1VWEB01S,corp\tjxasvc-sftp
Share,294577906,\\msf1vweb01s- Test,,\\wbztlk001d,dbmw12
Share,724359553,\\nfsnp.corp.tjxcorp.net,To connect Monarch and Oracle EBS Share drive from MIA,\\nfsnp.corp.tjxcorp.net,corp\tjxasvc-sftp
Share,456981373,\\nfsnp.corp.tjxcorp.net_test,,\\nfsnp.corp.tjxcorp.net\citrix,SA-INT-BOS-NP
Share,822831359,\\nfsp.corp.tjxcorp.net,,\\nfsp.corp.tjxcorp.net,corp\tjxasvc-sftp
Share,288039585,\\smbnp.corp.tjxcorp.net Kronos US/CA QA,\\smbnp.corp.tjxcorp.net Kronos US/CA QA,\\smbnp.corp.tjxcorp.net,corp\SA-KRONOS-MOVEIT-QA
Share,210820307,\\smbnp\Perseus_NonProd,,\\smbnp\Perseus_NonProd,corp\SA-ONESTREAM-SP-NP
Share,779032272,\\SYD3VFSS01P\Preticketing,,\\SYD3VFSS01P\Preticketing,corp\tjxasvc-sftp
Share,723485317,\\tkmwd201,\\tkmwd201,\\tkmwd201,
Share,805146866,\\tkmwdw96\TJXFTPROOT\Planning\EuropeDevelopmentData,,\\tkmwdw96\TJXFTPROOT\Planning\Europe Development Data,
Share,616656904,\\WAT1SFSM01P,Parent folder of \\WAT1SFSM01P,\\WAT1SFSM01P,corp\tjxasvc-sftp
Share,739423016,\\wat1sfsm01p,,\\172.30.52.87\tjx_loyalty,ral00042
Share,931726764,\\WAT1VCUS01D,\\WAT1VCUS01D,\\WAT1VCUS01D\TestInbound\Staging\Company1,corp\tjxasvc-sftp
Share,587693352,\\WAT1VCUS01D_Ricardo_DEV,\\WAT1VCUS01D,\\wat1vcus01D\TestInBound\Staging\Company2,corp\tjxasvc-sftp
Share,897243359,\\wat1vdat01p,,\\172.30.51.125\it,ral00042
Share,692883981,\\WAT1VDAT01p\TJXE_TicketMaker_test,,\\WAT1VDAT01p\TJXE_TicketMaker_test,jua02131
Share,564037191,\\Wat1vdat21t Kronos EU UAT,\\Wat1vdat21t Kronos EU UAT,\\Wat1vdat21t,corp\SA-KRONOS-MOVEIT-QA
Share,288277843,\\Wat1vdat21t\CommonSchema\Falcon,CWIP Non Prod OTS Allocations,\\Wat1vdat21t\CommonSchema\Falcon,
Share,783842962,\\wat1vfss01p,Account Payable Merch - Shared Folder,\\wat1vfss01p\ACCOUNTS PAYABLE MERCH\ALL AP RECS & STATS FOR FY21 & AUTOMATION\AP Working from Home,corp\tjxasvc-sftp
Share,714014090,\\wat1vftp01p,,\\wat1vftp01p,corp\tjxasvc-sftp
Share,210507266,\\WAT1Vgen01d\TicketMaker files,,\\WAT1Vgen01d\TicketMaker files,jua02131
Share,262382730,\\WAT1VKRN10D,WAT1VKRN10D Kronos Dev Server,\\WAT1VKRN10D,TKMAXX\SRVC-KRONOS-FTP
Share,212694899,\\wat1vlog01d,,\\wat1vlog01d,corp\tjxasvc-sftp
Share,373107296,\\wbtm001s,,\\wbtm001s,corp\tjxasvc-sftp
Share,298444395,\\WFSMIG025P\TJXFTPROOT,WFSMIG025P - PREPROD Server for TKMWDW96 TJXFTPROOT TEST ((UKECOMMERCE (EU-Digital),\\WFSMIG025P\TJXFTPROOT,scan
Share,620090984,\\WLPXCL001D,,\\WLPXCL001D,corp\tjxasvc-sftp
Share,234807059,\\wnovus002p,,\\wnovus002p\Test-Transfer-In,CORP\SA-NOVAROPUS-MIA-P
Share,876117180,\\WPFS001P,\\WPFS001P\Shared_Services\,\\WPFS001P\Shared_Services,corp\tjxasvc-sftp
Share,423567687,\\WPFS001P-SVS,,\\WPFS001P,
Share,569295918,\\wsievo001q,\\wsievo001q,\\wsievo001q,SA-MOVEIT-EBT-NP
Share,622844780,\\WSLOC001D,Dev Store Locator web server,\\wsloc001d,
Share,937701421,\\WSQL006T,\\WSQL006T\,\\WSQL006T,
SSHFTP,344741863,ACE-ENT-QA,1,lintfr001q,22
SSHFTP,709127136,ACE13-DGT-DEV-Utility,ACE13 Digtial dev Utility server,ldgtfr001d,22
SSHFTP,175694620,ACE13-DGT-QA-Utility,ACE13 Digital Utility Server,ldgtfr001q,22
SSHFTP,468106075,ACE13-DGT-STAGE-Utility,ACE13 digital stage full repository,ldgtfr001s.tjx.com,22
SSHFTP,782687697,ACE13-ENT-DEV-Utility,ACE13 Enterprise Dev Utility Server,lesbfr001d,22
SSHFTP,729992301,ACE13-ENT-QA-Utility,ACE13 Enterprise QA Utility server.,lesbfr001q,22
SSHFTP,324111420,ACE13-ENT-STAGE-Utility,ACE13 enterprise full repository utility server,lesbfr001s.tjx.com,22
SSHFTP,185672906,ACE13-SCM-DEV-Utility,ACE13 SCM Utility Server,lscmfr001d,22
SSHFTP,907734903,ACE13-SCM-QA-Utility,ACE13 SCM Utility servers,lscmfr001q,22
SSHFTP,444476287,ACE13-SCM-STAGE-Utility,ACE13 supply chain stage utility server,lscmfr001s,22
SSHFTP,261677973,ACI,Ash Conversions International,72.142.20.88,22
SSHFTP,555496968,Acoustics,Acoustics Email Host,transfer-campaign-us-5.goacoustic.com,22
Share,909070518,Afaria-Dev,,\\wafs001d.store.tjxcorp.net\rws\Production,corp\TJXASVC-AFARIA-DEV
Share,687366417,Afaria-QA,,\\wafs001t.store.tjxcorp.net\rws\Production,corp\TJXASVC-AFARIA-QA
SSHFTP,129365251,Afaria-QA_ssh,Afaria-QA_ssh,Msf1sdns01p.corp.tjxcorp.net,22
Share,813253975,Afaria_Client_Tktmkr_Prd,,\\wafs002p.Store.tjxcorp.net,SA-AFARIA-FTS-PROD@TJX.COM
Share,292356647,AfariaTestServer,TicketMaker Test Server,\\wafs002t.Store.tjxcorp.net,SA-AFARIA-FTS-TEST@tjx.com
SSHFTP,926675589,aix1aiib02d,,aix1aiib02d,22
SSHFTP,327403313,AIX1AINF03D - DataStage Dev,AIX1AINF03D,aix1ainf03d,22
SSHFTP,392499550,AIX1AINF03D - DataStage Dev Clone,AIX1AINF03D,aix1ainf03d,22
SSHFTP,457492596,AIX1AINF07Q - DataStage QA,AIX1AINF07Q INFQDSOP,aix1ainf07q,22
SSHFTP,842072016,AIX1AINF15P - DataStage Prod,AIX1AINF15P INFPDSOP,aix1ainf15p,22
SSHFTP,631783933,aix1ainf15p.tjx.com New,,aix1ainf15p.tjx.com,22
SSHFTP,962039500,AIX1AINF27S - DataStage Stage,AIX1AINF27S INFSDSOP,aix1ainf27s,22
SSHFTP,580775452,Allocadia,Allocadia,incoming-na.allocadia.com,22
SSHFTP,313533396,Alpi - 51.144.241.128 - Test,40.115.17.18 old 51.144.241.128,40.115.17.18,22
SSHFTP,672254201,ALPI-FTP,SFTP for ALPI,pjftp.westeurope.cloudapp.azure.com,22
SSHFTP,225373960,APL-Logistics,,b2bconnect-uat.apllogistics.com,22
SSHFTP,277000260,APLL,,b2bconnect-uat.apllogistics.com,22
SSHFTP,224711027,APLL-EU,,b2bconnect-uat.apllogistics.com,22
SSHFTP,573544178,APLL_TJXC_New_Environment,Pick up test files from QA server,transporter-preprod643.apllogistics.com,22
SSHFTP,377727362,APLL_TJXC_STG,Pick up test files from Stage server,transporter-stg.apllogistics.com,22
SSHFTP,212586367,Appriss,,us01-prod-sftp.apprissretailcloud.com,22
SSHFTP,205603611,Appriss - Returns ManagementProd-TJXC,,sftp.irv.apprissretail.com,22
SSHFTP,116730984,Appriss Australia,,us01-prod-sftp.apprissretailcloud.com,22
SSHFTP,982656291,ApprissCanada_NonProd,sftp.irv.apprissretail.com Appriss Canada,sftp.irv.apprissretail.com,22
SSHFTP,271620768,ApprissFlatFile,,sftp.irv.apprissretail.com,22
SSHFTP,332177484,APT,,208.45.140.230,22
SSHFTP,595042931,APT2,This connection to APT has to be used for Legacy file transfer.,72.166.25.200,22
SSHFTP,579854876,APTMastercard,APT Destination Server for TM1 Files Transferred from wat1vftp01p,72.166.25.200,22
SSHFTP,312866223,AR01LAWP - WMI (VSS) Production,Winner$8 Winners8 WINners5,ARO1LAWP.TJX.COM,22
SSHFTP,485842881,ARO1BFTP01P(Test),,ARO1BFTP01P,22
SSHFTP,730465333,astra-dev-sftp.syfbk.com,,astra-dev-sftp.syfbk.com,8022
SSHFTP,475699128,astra-stg-sftp.syfbk.com,,astra-stg-sftp.syfbk.com,8022
SSHFTP,252627754,ATG_HG_QA2,SFTP userid to connect to Homegoods QA2 being used for stack2,10.121.212.4,22
SSHFTP,191509097,ATG_HG_QA2_ Clone tjmaxx.tjxqa2.com,SFTP Userid to connect to ATG TJ Maxx QA2 being used for Stack 2,10.121.212.4,22
SSHFTP,978598964,ATG_HG_Stack1,SFTP userid to connect to Homegoods Stack1,10.121.212.4,22
SSHFTP,359145957,ATG_HG_Stack4,SFTP userid to connect to Homegoods QA2 being used for stack2,10.121.214.4,22
SSHFTP,287729404,ATG_HMG_DEV_TE1,Host added for HMG DEV for TE1,10.121.212.4,22
SSHFTP,161854046,ATG_MAR_DEV_TE1,Host added for MAR DEV for TE1,10.121.196.80,22
SSHFTP,585319457,ATG_MAR_QA1_C_Stack1_marshalls.com,ATG Marshalls RHEL8 Host,10.121.193.180,22
SSHFTP,188560209,ATG_MAR_QA2_Stack2_marshalls.com,SFTP userid to connect to Marshalls QA2 being used for stack2,10.121.196.40,22
SSHFTP,167206999,ATG_MAR_QA3_C_Stack3_marshalls.com,RHEL 8 Host for MARQA3C,10.121.196.40,22
SSHFTP,986366345,ATG_MAR_QA3_Stack3_marshalls.com,SFTP userid to connect to Marshalls QA3 being used for stack3,10.121.196.86,22
SSHFTP,874656905,ATG_MAR_QA3_Stack3_marshalls.com_v2,SFTP userid to connect to Marshalls QA3 being used for stack3,10.121.196.40,22
SSHFTP,231924579,ATG_MAR_Stack1,SFTP userid to connect to Marshalls Satck1,10.121.196.86,22
SSHFTP,994899047,ATG_MAR_Stack4,SFTP userid to connect to Marshalls QA3 being used for stack2,10.121.193.183,22
SSHFTP,336783531,ATG_TJ-V1.0,RHEL8 upgrade,10.121.68.150,22
SSHFTP,227783006,ATG_TJ_QA2_tjmaxx.tjxqa2.com,SFTP Userid to connect to ATG TJ Maxx QA2 being used for Stack 2,10.121.68.128,22
SSHFTP,877202622,ATG_TJ_QA3_tjmaxx_Stack3,SFTP Userid to connect to ATG TJ Maxx QA3 being used for Stack 3,10.121.68.128,22
SSHFTP,984283914,ATG_TJ_QA3_tjmaxx_Stack3_v2,SFTP Userid to connect to ATG TJ Maxx QA3 being used for Stack 3,10.121.68.150,22
SSHFTP,832576498,ATG_TJ_Stack1,SFTP Userid to connect to ATG TJ Maxx,10.121.65.135,22
SSHFTP,957139859,ATG_TJ_Stack1_DR,SFTP Userid to connect to ATG TJ Maxx,72.3.248.64,22
SSHFTP,213211640,ATG_TJ_Stack4,SFTP Userid to connect to ATG TJ Maxx QA2 being used for Stack 2,10.121.68.128,22
SSHFTP,965911035,ATG_TJM_DEV_TE1,Host added for TE1 dev for TJM,10.121.68.128,22
SSHFTP,209793434,ATG_TJM_QA1_C_Stack1_tjmaxx.com,RHEL8 TJM QA1 - NONProd server,10.121.65.145,22
Share,390778106,AzureAD-wiama001d-Share,AzureAD_Reflexis_Access and AzureAD_ServiceChannel_Access,\\wiama001d,Corp\SA-AZURE-SFTP-DEV
SSHFTP,335201362,BankofAmericaUAT,Bank of American UAT,b2b02u.bankofamerica.com,22
SSHFTP,635209517,BCBS,Blue Cross Blue Shield,staging.sftp.bluecrossma.com,22
SSHFTP,301425136,BG_Test_Server,Berkshire Grey - Test Server located in Bedford,sftp.washington-ext.bgrey.io,5022
Share,161902490,BizTalk Dev Server,,\\wbztlk001d.corp.tjxcorp.net\D$\Saurabh,mwa1
Share,655327324,BizTest,test,\\WBZTLK001D\d$,san03868
Share,395591566,BizTest_SA-BOOMI-MIA-DEV_TEST,BizTest,lboomi001t.tjx.com,SA-BOOMI-MIA-DEV
Share,994066030,BizTest_SA-BOOMI-MIA-PROD_TEST,BizTest,lboomi003d,SA-BOOMI-MIA-PROD
SSHFTP,754616476,Blackbox_Server,Blackbox to ServiceNow,transfer.blackbox.com,22
SSHFTP,248246276,Bloomberg,,sftp.bloomberg.com,22
Share,930418270,Blue Yonder Test Share,Blue Yonder Test Share,\\wsql056d\DEV_EXPORT,SA-TJX-BY-WLM-NP
SSHFTP,426955633,BlueYonder_Test Server,BlueYonder_Test Server,http://wbywlm001d:4500/service,4500
SSHFTP,801538473,BnyMellon Bank Test,TJXC001T,test-FTX-SERVSH.bnymellon.com,22
SSHFTP,936212476,Boomi Dev Dir,Boomi Dev Dir,lboomi001d.tjx.com,22
SSHFTP,458595892,Boomi Prod,Boomi Production NAS,hipservices.tjx.com,22
SSHFTP,519197268,Boomi QA,lboomi001q,lboomi001q.tjx.com,22
SSHFTP,413209721,Boomi QA(MIT),,lboomi001q,22
SSHFTP,273925341,Boomi TEST,DELLBOOMI TEST,lboomi001t.tjx.com,22
SSHFTP,462105714,Boomi_Batch_Dev_performance,,lboomi004d,22
SSHFTP,988027732,Boomi_MIT_Test,,lboomi001d,22
SSHFTP,372331466,BOOMI_TMS_DEV,,lboomi003d,22
SSHFTP,806431722,BOOMI_TMS_PERF_performance,,lboomi005f,22
SSHFTP,388362603,BOOMI_TMS_QA,,lboomi004q,22
SSHFTP,276154632,BOOMI_TMS_STAGE,,hipservices-tms-stg.tjx.com,22
SSHFTP,996829145,BOOMI_TMS_TST,,lboomi003t,22
SSHFTP,367760337,BOOMI_TMS_TST_Performance,,lboomi003t,22
SSHFTP,608013739,brian_test,brian test,dev400,22
Share,243009797,Brian_UNC,Brian UNC,\\dev400\bmaclaine,bmaclaine
Share,733749851,Buyer Control application,,\\msf1vesb53d\integration_test\DOWNLOAD,
SSHFTP,741158515,C2FO,,ftp3-uat.c2fo.com,3022
SSHFTP,928489005,C2FO-US-OracleEP,This host will provide award files and take invoice files,ftp.c2fo.com,3022
SSHFTP,155546824,C2FO-US-OracleEP_New_C2FO_Server,C2FO-US-OracleEP_New,sftp-uat.c2fo.com,3022
SSHFTP,679364660,C2FO-US-OracleEP_SSH_uat_tjx_NP,C2FO-US-OracleEP_uat_host_non_prod,sftp-uat.c2fo.com,3022
Share,630318414,Cactus Server Path,,\\172.16.135.218\Cactus,SA-CACTUS-RW-NP@tjx.com
Share,675194542,Canada File Share,Canada - Sales summary by Dept of the reopened stores after covid,\\mis1isi01s,corp\tjxasvc-sftp
SSHFTP,235033990,Carevalidate,,sftp.carevalidate.com,22
SSHFTP,822770840,CASS,"This is Cass vendor, which is replacement of Tangoe",FTP.CASSINFO.COM,22
SSHFTP,723373938,CASS2,"This is Cass vendor, which is replacement of Tangoe",FTP.CASSINFO.COM,22
SSHFTP,204210189,CASS3,Integration from TJX to Cass – Outbound from EBS,12.147.44.40,22
SSHFTP,510886518,Certegy-NonProd,,SecureFile.FNIS.COM,2222
SSHFTP,619222397,CIC - ERP - Authfile,Y+b62yH#M5,sftp.cicplus.com,22
SSHFTP,910175931,CIC - ERP - Year End W2s and ACA,64.135.153.84 192.138.0.84 ip changing 11/15/2014 to 159.100.218.64/26,sftp.cicplus.com,22
SSHFTP,261055790,Coherent_TEST,sftp.coherentpath.com,sftp.coherentpath.com,22
Share,331686680,Common_schema_MCP,Common schema for MCP,\\WAT1vSQL58D,
Share,297703453,CommonSchema-Stage,Commonschema-Stage,\\WAT1VSQL62D,
SSHFTP,302267970,COMPUGEN_SFTP,,204.187.93.15,22
SSHFTP,462004620,Conversa Health - Non Prod,,tjmaxx-exports.s-sftp.conversahealth.com,22
SSHFTP,507056839,CorporateCostControl,,184.154.66.240,22
SSHFTP,759649750,Counsel Link,,cleoproxy.counsellink.net,22
SSHFTP,885488880,Countwise(External Vendor),,12.164.51.13,2426
SSHFTP,597250813,Countwise_APT,,sftp1.countwise.com,2426
SSHFTP,888771528,Countwise_MMXQmgmtTraffic,Outbound- Encrypted file to countwise Host:12.164.51.13 Port: 2426 Password: fUA!unVQC6,12.164.51.13,2426
SSHFTP,526077206,Countwise_NonProd,Canada Customer Store Visit Data,Sftp1.countwise.com,2426
SSHFTP,750205359,CPUD-SSH,To connect CPUD through SSH Key,cpud.tjx.com,22
Share,591720162,CS Prod- WAT1vSQLLSN03P,,\\WAT1vSQLLSN03P,
Share,658378995,CWIP,,\\wat1vdat21p\CommonSchema\Falcon,corp\tjxasvc-sftp
SSHFTP,836257544,CyberArk Test - TJXASVC-Cyb-CD,,cyberark.tjx.com,22
SSHFTP,557895833,Damco Test,Site: sftp.betagrid.gxs.com Port: 22 Username: DAMCP_TJX_SFTP Password: password,sftp.betagrid.gxs.com,22
SSHFTP,853009290,data.b2bt.expeditors.com,data.b2bt.expeditors.com,data.b2bt.expeditors.com,22
SSHFTP,114358689,DELL Server_DEV,,mftob.dell.com,22
Share,707728910,Dematic_PandA_Non_Prod_Server,Dematic Print and Apply,\\FWT1VMHSP01P,bmaclain
SSHFTP,719069022,Descartes,,comsrv.pcstrac.com,22
SSHFTP,926047689,Descartes Phase 2,,wwwtest.myvan.descartes.com,22
SSHFTP,977630750,Descartes Phase 2 - tjxsftp,,wwwtest.myvan.descartes.com,22
SSHFTP,363769659,Descartes_DEV,ftp.customsinfo.com,ftp.customsinfo.com,22
SSHFTP,333704600,Descartes_Prod,Descartes_Prod ftp.customsinfo.com,ftp.customsinfo.com,22
SSHFTP,832587716,Descartes_TEST,ftp.customsinfo.com,ftp.customsinfo.com,22
SSHFTP,175453474,DEV400,SCAN Dev400,DEV400,22
SSHFTP,473394860,DEV400 Clone,SCAN Dev400,DEV400,22
SSHFTP,981402260,DHL - IAT,Host: ftptst.tjxeu-traffic.com Port: 52052 IP: 46.231.85.2,ftptst.tjxeu-traffic.com,52052
SSHFTP,820043251,DHL_QA,UK Ecom DHL_QA1 Connection,ftp-dhllink-qa.dhl.com,22
Share,673049087,DigRptTestSQL1,,\\WSQL006T\eCommReports,corp\tjxasvc-sftp
SSHFTP,620359486,DMZFTP_Premier,,dmzftp.premiertransportation.com,22
SSHFTP,499150950,DSB-DEV-Utility,,ldsbfr001d,22
SSHFTP,973054002,DSB_DEV,,ldsb001d.tjx.com,22
SSHFTP,368614597,DSB_QA_Utility,Digital server bussftp server,ldsbfr001q.tjx.com,22
SSHFTP,753281072,DSB_Stage_Utility,Utility Server for Stage,ldsbut001s,22
SSHFTP,102182201,ED1D1DB10 RMSECNV1,Testing,ed1d1db10,22
SSHFTP,660175873,EDA_APPRISS_CANADA_NON_PROD,,us01-prod-sftp.apprissretailcloud.com,22
SSHFTP,317509306,EDA_APPRISS_NON_PROD,,us01-prod-sftp.apprissretailcloud.com,22
SSHFTP,444329344,EDA_APPRISS_USA_NON_PROD,,us01-prod-sftp.apprissretailcloud.com,22
SSHFTP,932805640,EDA_lnx1afts01d_QA,tjx-esb-fts-dev tjx-esb-fts-tst tjx-esb-fts-qa,lnx1afts01d,22
Share,200924380,EDA_smbp.corp.tjxcorp.net,\\smbp.corp.tjxcorp.net - For MaprEdge Team - For Merged Files,\\smbp.corp.tjxcorp.net\Kronos_WFC\Kronos_US_Prod\CLEVERANT,corp\tjxasvc-sftp
Share,508972573,EDA_SNS_ECR_HOST,for Ecomm Returns,\\172.23.15.177,CORP\SA-SNS-SFTP-ECR
Share,190211619,EDA_wat1vdat21p,\\wat1vdat21p\data\ecommerce\hybristotkmaxx\reports for MaprEdge team - Discount orders files,\\wat1vdat21p\data\ecommerce\hybristotkmaxx\reports,corp\tjxasvc-sftp
SSHFTP,246678627,EDA_WeatherSource Clone,Mapr Edge Team - Source for Weather data file pulls,ftp.aes.accuweather.com,22
SSHFTP,926729467,EDI,EDI - DEVEDI development EDI,172.16.126.30,22
SSHFTP,409932562,EDI400 - Prod,iSeries server,172.16.250.40,22
SSHFTP,642351998,EDOCS,Host:secure.e-docsuk.co.uk Port:22,secure.e-docsuk.co.uk,22
SSHFTP,794345706,EOM_lnx1awms34q_QA,tack2,172.16.146.80,22
SSHFTP,964198337,EOM_lnx1awms34q_QA Clone,EOM lnx1awms34q used for Inventory Overlay to ATG,172.16.146.80,22
SSHFTP,230905062,EOM_lnx1awms41s_QA4,EOM lnx1awms41s used for Inventory Overlay to ATG,172.16.141.169,22
SSHFTP,114110568,EOM_Stack1,,eomqa.tjx.com,22
SSHFTP,348264250,EOM_Stack3,EOM_Stack3,172.16.146.56,22
SSHFTP,544792579,EOM_Stack3_01,EOM_Stack3,172.16.197.108,22
SSHFTP,292325330,ETL-DEV,,aix1ainf03d,22
SSHFTP,331175105,EU360_SFTP_NonProd,EU 360 SFTP source host,ftstst.tjx.com,22
SSHFTP,791152043,EU360_Talend_Dev,,ltlnd001d,22
SSHFTP,521057470,EU360_Talend_QA,,ltlnd001q,22
SSHFTP,615737601,EU360_Talend_QA_TEST,,ltlnd001q,22
SSHFTP,606916541,EU_SFTP_360,EU 360 SFTP source host,fts.tjx.com,22
Share,531672703,EUC360_UT,,\\msf1vfps10p\users-cognizant\swa00013\MIA_Test,swa00013
SSHFTP,232765484,eusftp agilone -216.35.228.67,Host : eusftp.agilone.com-216.35.228.67 Userid:TKMaxx_Hybris_Test Password:,eusftp.agilone.com,22
SSHFTP,868448686,everbridge,,sftp-aws-us.everbridge.net,22
Share,276443528,EVP_SOURCE,,\\172.23.15.176\TJX-GeneralPurpose\LandscapeServices\Files\EVP,corp\SA-EVP-ADMIN-DEV
SSHFTP,431336556,Expeditors,data.b2bt.expeditors.com,data.b2bt.expeditors.com,22
SSHFTP,470867915,EY - Test,,gossft-emeia.ey.com,22
SSHFTP,280784028,FADV,,b2b.fadv.com,11022
SSHFTP,385303126,Falcon $CS wat1vdat21t,Falcon and Common Schema,wat1vdat21t,22
SSHFTP,645802690,Feedonomics,Digital Sierra to Feedonomics Stage User Connection,sftpgo.feedonomics.com,22
SSHFTP,392650733,files.tjx.fmshosted.com,Pull file from FM system,files.tjx.fmshosted.com,22
Share,365663377,FileShare-Encrypted,,\\wafs001t.store.tjxcorp.net\rws\Production\data\upload\TJH\XStore,
SSHFTP,705483204,First Advantage - Esteem_Test,ty6#Bf@s9 transfer.fadv.com,transfer.fadv.com,11022
SSHFTP,520372876,FM Employee,Basic HR data for authentication/access,ftp.resourcescheduler.com,22
SSHFTP,556659549,FRA1BFTP01P - Mainframe,,fra1bftp01p,22
SSHFTP,501782250,fra1bftp01p-TEST,,fra1bftp01p,22
SSHFTP,350663995,fra1isx01p,fra1isx01p,172.16.20.35,22
Share,537212051,fra1vfps07p.corp.tjxcorp.net_2,,\\fra1vfps07p.corp.tjxcorp.net\users,miadmin
SSHFTP,694745302,FRA1VFTP01P - Oracle/ERP,,fra1vftp01p,22
SSHFTP,244952583,fra1vftp01p_New,,172.16.20.35,22
SSHFTP,521120626,FreshRelevance,Fresh Relevance,filetransfer.cartcontents.com,22
SSHFTP,986757773,ftp.finelineglobal.com-Test,,ftp.finelineglobal.com,22
SSHFTP,760264886,ftp.hartehanks.com,,ftp.hartehanks.com,22
SSHFTP,828484213,fts.tjx.com,,fts.tjx.com,22
SSHFTP,586030476,ftstst_Test_SSH,,ftstst.tjx.com,22
SSHFTP,867813599,ftststdmz.tjx.com,To send the traffic to Transfer via Gateway,ftststdmz.tjx.com,22
SSHFTP,892770380,GE (GEntran) - TEST,Times out - 199.181.101.214 199.181.101.114 tjx_rcfuse,199.181.101.113,22
SSHFTP,376981051,gentran,,gentran-dv.syfbk.com,22
SSHFTP,797235459,Global eInvoice - Transcepta,,ftp01.transcepta.com,22
Share,319896438,Global Pay,,\\fra1vfps07p.corp.tjxcorp.net\ccp,
SSHFTP,148578113,GlobalWMS_TJXE_BOOMI_HOST_QA,,lboomi001q.tjx.com,22
SSHFTP,752352982,GlobalWMS_TJXE_WMS_HOST_QA,WMS Host for Global WMS Application,lwmsto001q,22
SSHFTP,555435578,GlobalWMS_TJXE_WMS_HOST_TEST,WMS Host for Global WMS Application,lwmsto001t,22
SSHFTP,462874023,GlobalWMS_VCHub,This is Global WMS VC Hub Host,DEVEDI.corp.tjxcorp.net,22
SSHFTP,952423996,Goodway Group,cHA2a=eg,173.166.39.182,22
SSHFTP,850691973,Granite_To_ServiceNow_Inbound,Granite_To_ServiceNow_Inbound,MoveitDMZ-Test-Connection,22
Share,188148172,Greg V Sharepoint Test,Sharepoint directory test,\\tjxinc.sharepoint.com,gvanlaer
SSHFTP,563579263,HART Systems ZRS,YearEndInv - HART - Yearend Support,secure.zebrainventory.com,22
SSHFTP,388819623,Health Equity - PROD,,sftp.healthequity.com,22
SSHFTP,161866791,Health Equity- Non Prod,,secureftp.healthequity.com,22
SSHFTP,205149919,hipservices-stg.tjx,Dell boomi Atom Stage,hipservices-stg.tjx.com,22
SSHFTP,740039265,HSBC-VBO-Payment Transfer,This is for connecting to HSBC non prod server to transfer VBO payment files,ecom-sftp.fguk-pprd.hsbc.com,10022
SSHFTP,741774612,Hybris,Hybris Target Server,qa.hybris-app.tkmaxx.tjxcorp.net,22
SSHFTP,922040303,Hybris STG,,tkm1vapp01s.tkmaxx.co.uk,22
SSHFTP,784545905,Hybris_QA,UK Ecom Hybris_QA1 Connection,tkm1vapp01q.tkmaxx.tjxcorp.net,22
Share,373894438,HypEPMADEV,,\\msf1vhyp02d.corp.tjxcorp.net,corp\tjxasvc-sftp
Share,323140454,HYPEPMAPSUPP,Hyperion EPMA PSUPP,\\smbkfa.corp.tjxcorp.net\EPMA_Stage,corp\tjxasvc-sftp
Share,457321527,HypEPMATEST,EPMA Test Environment,\\MSF1VHYP02T.corp.tjxcorp.net,corp\tjxasvc-sftp
Share,456787276,HypEPMAUAT,EPMA UAT Environment,\\MSF1VHYP02Q.corp.tjxcorp.net,corp\tjxasvc-sftp
SSHFTP,362566634,Hyperion,,152.67.105.228,22
SSHFTP,186664646,Hyperion-Dev,,lnx1aehyp01d,22
SSHFTP,494042701,Hyperion-PRODSUPP,Hyperion-PRODSUPP,lnx1aehyp03s,22
SSHFTP,200917349,Hyperion-Stage03S,,lnx1aehyp03s,22
SSHFTP,415606679,Hyperion-Stage04s,lnx1aehyp04s,lnx1aehyp04s,22
SSHFTP,509781538,Hyperion-TEST,Hyperion-TEST,lnx1aehyp01d,22
SSHFTP,255850119,Hyperion-UAT,Hyperion-UAT,lnx1aehyp01d,22
SSHFTP,727212922,IBM TM1 Cloud TEST,,ft-na.planning-analytics.cloud.ibm.com,22
SSHFTP,205111302,IBM TM1 Cloud_MigrationTesting,,sftp-na.planning-analytics.ibmcloud.com,22
SSHFTP,119846974,IBM TM1 Cloud_MT_Ent,,sftp-na.planning-analytics.ibmcloud.com,22
SSHFTP,319700408,IBM_TM1_MPLN_D,Merch Planning IBM Cloud DEV Server,sftp-na.planning-analytics.ibmcloud.com,22
SSHFTP,796850777,IBM_TM1_MPLN_Q,Merch Planning IBM Cloud QA Server,ft-na.planning-analytics.cloud.ibm.com,22
SSHFTP,691879971,IBM_TM1_MPLN_R,Merch Planning IBM Cloud PROD-SUPP Server,ft-na.planning-analytics.cloud.ibm.com,22
SSHFTP,149849732,IBM_TM1_MPLN_S,Merch Planning IBM Cloud STG Server,ft-na.planning-analytics.cloud.ibm.com,22
SSHFTP,476083738,IIB,,aix1aiib02d.tjx.com,22
SSHFTP,553146920,IIB Dev Server,,aix1aiib02d,22
SSHFTP,313922852,IIB-DEV,,aix1aiib02d.tjx.com,22
SSHFTP,223057979,IIB-QA,,aix1aiib05q.tjx.com,22
SSHFTP,719504233,IIB-QA Clone,,aix1aiib05q.tjx.com,22
SSHFTP,746132406,IntelligentReach,UK ECOM Product export to IntelligentReach 3rd party system,sftp.intelligentreach.com,22
SSHFTP,469886976,ITMR4 Host - Descartes Test,Preproduction system: wwwtest1.myvan.descartes.com Production system: www.myvan.descartes.com,wwwtest1.myvan.descartes.com,22
SSHFTP,223928340,JPMC_CAT,,ftscat.mfts.jpmchase.com,22
SSHFTP,139538547,Kaiser Test,Kaiser Test Server,itp-edi-test.kp.org,21
SSHFTP,445479518,Keybank - Test,bUsPuk7r,sftp.betagrid.gxs.com,22
Share,481780237,Kronos Server WAT1VDAT21T for WorkJam Integration,,\\wat1vdat21t\Workjam2,
SSHFTP,197710969,Kronos Server WAT1VKRN11D for WorkJam Integration (SSH Fail Version),,172.30.156.91,22
Share,610082093,Kronos Server WAT1VKRN11D for WorkJam Integration (UNC Share),,\\wat1vkrn11d\Manhattan,SA-MOVEIT-KRONOS-T
SSHFTP,582539769,lboomi001d,Dell boomi Atom Dev,lboomi001d,22
SSHFTP,630483383,lboomi001d Clone,Rackspace,1129143-tools.tjx.com,22
SSHFTP,458183790,lboomi001t_performance,Dellboomi Test Atom,lboomi001t.tjx.com,22
SSHFTP,530265560,lboomi003s.tjx.com,lboomi003s.tjx.com,172.16.139.124,22
SSHFTP,181828795,ldgmdt001q,,ldgmdt001q,22
SSHFTP,583387035,linfsp001d - Datastage DEV,,linfsp001d,22
SSHFTP,668649314,linfsp001d.tjx.com,,linfsp001d.tjx.com,22
SSHFTP,100479437,linfsp001q Datastage - QA,,linfsp001q,22
SSHFTP,964804271,linfsp001q Datastage - QA1,linfsp001q.tjx.com,linfsp001q.tjx.com,22
SSHFTP,308677105,linfsp001q.tjx.com,,linfsp001q.tjx.com,22
SSHFTP,627902835,linfsp001s - Datastage11.7-STG,,infospherestage-vip.tjx.com,22
SSHFTP,996528393,linfsp001s.tjx.com,,linfsp001s.tjx.com,22
SSHFTP,312842264,Lintb001q,,lintb001q.tjx.com,22
SSHFTP,100679915,lintfr001d,,lintfr001d,22
SSHFTP,112604934,lintfr001d-GWMS_ACE_TEST,lintfr001d utility server which will connect to Tier 3 ACE enterprise server (lint001d.tjx.com),lintfr001d,22
SSHFTP,267655811,lintfr001q-QA,lintfr001q utility server which will connect to Tier 3 ACE enterprise server (lintb001q.tjx.com),lintfr001q,22
SSHFTP,598787444,lintut001s-STAGE,lintut001s utility server which will connect to Tier 3 ACE enterprise server(lintb001s/lintb002s),lintut001s-vip,22
SSHFTP,138942803,lnx1afts010t,tjx-esb-fts-dev tjx-esb-fts-tst tjx-esb-fts-qa,lnx1afts01d,22
SSHFTP,194362205,lnx1afts01d,tjx-esb-fts-dev tjx-esb-fts-tst tjx-esb-fts-qa,lnx1afts01d,22
SSHFTP,802150983,lnx1afts01d test,tjx-esb-fts-dev tjx-esb-fts-tst tjx-esb-fts-qa,lnx1afts01d,22
SSHFTP,894904376,lnx1afts01d-Finance,we will be using this Host for all FInance Domain File Transfers,lnx1afts01d,22
SSHFTP,277551918,lnx1afts01d-Venky,test for the new onboard MIA,lnx1afts01d,22
SSHFTP,596054977,lnx1afts02p,tjx-esb-fts-dev tjx-esb-fts-tst tjx-esb-fts-qa lnx1afts02p tjx-esb-fts-prd tjx-esb-fts-prd,172.16.38.94,22
SSHFTP,212668656,lnx1apos02d-Xcenter-Dev,Xcenter-Dev,lnx1apos02d,22
SSHFTP,832416981,lnx1apos03q-Xcenter-QA,lnx1apos03q-Xcenter-QA,lnx1apos03q,22
SSHFTP,183643751,lnx1armseu15q - RMS_QA-MUP,lnx1armseu15q RMS EU QA,lnx1armseu15q.tjx.com,22
SSHFTP,785865327,lnx1dntzb05q,Lnx1dntzb05q,Lnx1dntzb05q,22
SSHFTP,888599545,lnx1dntzc09d,lnx1dntzc09d,lnx1dntzc09d,22
SSHFTP,128400892,LNX1Z1BDCE05P - MapR Prod,LNX1Z1BDCE05P INFPDSOP,LNX1Z1BDCE05P,22
SSHFTP,155913007,LNX1Z1BDCE05P - MapR Prod Customer,LNX1Z1BDCE05P INFPDSOP MKTGPSOP,LNX1Z1BDCE05P,22
SSHFTP,942622601,lnx1z1bdce11q,Mapr QA environment,lnx1z1bdce11q.tjx.com,22
SSHFTP,877330136,lnx1z1bdee01d,,lnx1z1bdee01d.tjx.com,22
Share,877805304,ltlnd001d_map,ltlnd001d,\\ltlnd001d\tjx\azureNAS\data\distribution_service\scan\us\landing,corp\tjxasvc-sftp
SSHFTP,128731072,ltlnd001p,,ltlnd001p.tjx.com,22
SSHFTP,555884606,Lucernex - NonProd,,sftp-tjx-train.lucernex.com,22
SSHFTP,318180162,lwmeuw001d WPL-DEV,,lwmeuw001d,22
SSHFTP,616531390,lwmeuw001q -- WPL QA,,lwmeuw001q,22
SSHFTP,670848697,lwmeuw001t -- WPL Test,,lwmeuw001t,22
SSHFTP,345936304,lwmeuw003f -- WPL Perf,,lwmeuw003f,22
SSHFTP,838990124,M-Netics,Ship to Store Retail Omnichannel provider.,185.99.78.35,22
SSHFTP,225957609,M-Netics Clone-01,Ship to Store Retail Omnichannel provider.,80.208.252.87,22
SSHFTP,941517765,MapR_Mig_WeatherSource,Mapr Edge Team - Source for Weather data file pulls,ftp.aes.accuweather.com,22
Share,230523588,MaprMig_msf1vbpc01q,msf1vbpc01q - MaprEdge Team - for Payroll files,\\msf1vbpc01q\Outbound\MMX_Payroll,corp\tjxasvc-sftp
SSHFTP,682028735,MapRQA_lnx1z1bdce11q,MIC to MAPR Host: lnx1z1bdce11q User: lltyqsop Port: 22 Password: fUA!unVQC6,lnx1z1bdce11q,22
SSHFTP,522031650,Maxim Test SSH,Maxim Test SSH,MFT_Test.maxim-group.us,22
Share,771129497,MDM DEV server1,,\\msf1vhyp01d\TJX_DRM\MDM\data\DRM_interfaces\outbound\mdseh\t001\tjxe,corp\tjxasvc-sftp
SSHFTP,637341909,Medallia,,feed3.medallia.com,22
SSHFTP,549231869,MEL1VFTP01D - Melbourne WSFTP,,MEL1VFTP01D,22
Share,431166564,Merchpay - msf1vfts01t,,\\msf1vfts01t\vss,CORP\TJXASVC-VSS-DEV
SSHFTP,139822257,MerchPay - rs6dapp121,,rs6dapp121.tjx.com,22
SSHFTP,485644525,Merril Lynch - Prod - ERP,,ftps.b2b.ml.com,22
SSHFTP,820313278,Mindshare,Host created for transfer to Mindshare from TM1,sftp.adverity.com,22
SSHFTP,232032229,mis1isi01s_ssh,To mis1isi01s via SSH,mis1isi01s,22
SSHFTP,403297690,MOVEit-Transfer-Terrapin-SSH-Testing,,ftstst.tjx.com,22
SSHFTP,773848528,MoveitDMZ-Test,,ftstst.tjx.com,22
SSHFTP,877877612,MoveitTransfer-DMZ-Test,,ftstst.tjx.com,22
SSHFTP,648902595,Mozido-52.16.133.246 Stage,Inbound Files (Mozido to TJX) Host: Mozido-52.16.133.246 User: Port: 22 Password: fUA!unVQC6,52.16.133.246,22
SSHFTP,134322459,Mozido-52.40.186.10,Inbound Files (Mozido to TJX) Host: Mozido-52.40.186.10 User: Port: 22 Password: fUA!unVQC6,52.40.186.10,22
SSHFTP,297066608,MPDH MMX & HGHS Non-Prod - ed1d1db12,Merchandise Planning Data Hub (MPDH) - Marshalls/TJMaxx/HomeGoods - Non-Prod,ed1d1db12-vip.tjx.com,22
SSHFTP,597739277,MPDH MMX & HGHS Non-Prod - ed1q1db02-vip.tjx.com,Merchandise Planning Data Hub (MPDH) - Marshalls/TJMaxx/HomeGoods - Non-Prod,ed1q1db02-vip.tjx.com,22
SSHFTP,284719904,MPDH-ED1D1DB12-NEW,,ed1d1db12-vip.tjx.com,1920
SSHFTP,291284133,MPDH-ed1d1db12-Server,Created for RPAIS to CWIP POC,ed1d1db12-vip.tjx.com,22
SSHFTP,117048688,MPDH-ed1q3db15-vip.tjx.com,MPDH Server,ed1q3db15-vip.tjx.com,22
SSHFTP,153059521,MPDH-ed1q3db15-vip.tjx.com1,MPDH server,ed1q3db15-vip.tjx.com,22
SSHFTP,340881708,MPP PA/TM1 Dev1 - lnx1atmpa06d,Merchandise Planning PA/TM1 Dev1 (lnx1atmpa06d),lnx1atmpa06d.tjx.com,22
SSHFTP,836641668,MPP PA/TM1 Dev2 - lnx1atmpa14d,Merchandise Planning PA/TM1 Dev2 (lnx1atmpa14d),lnx1atmpa14d.tjx.com,22
SSHFTP,170419775,MPP PA/TM1 E2E/QA1 - ltmpa002q,Merchandise Planning PA/TM1 E2E/QA1 (ltmpa002q),ltmpa002q.tjx.com,22
SSHFTP,173736460,MPP PA/TM1 Jump QA - lpaoc201q,Merchandise Planning PA/TM1 Jump QA(lpaoc201q) for Cloud Integration,lpaoc201q.tjx.com,22
SSHFTP,782004962,MPP PA/TM1 Jump STG - lpaoc201s,Merchandise Planning PA/TM1 Jump STG(lpaoc201s) for Cloud Integration,lpaoc201s.tjx.com,22
SSHFTP,663897222,MPP PA/TM1 Perf - lnx1atmpa09f,Merchandise Planning PA/TM1 Perf (lnx1atmpa09f),lnx1atmpa09f.tjx.com,22
SSHFTP,340220718,MPP PA/TM1 ProdSupp - lnx1atmpa11s,Merchandise Planning PA/TM1 Prod-Support (lnx1atmpa11s),lnx1atmpa11s.tjx.com,22
SSHFTP,633396639,MPP PA/TM1 QA - lnx1atmpa07q,Merchandise Planning PA/TM1 4-Walls QA (lnx1atmpa07q),lnx1atmpa07q.tjx.com,22
SSHFTP,257408635,MPP PA/TM1 QA2 - ltmpa001q,Merchandise Planning PA/TM1 QA2 (ltmpa001q),ltmpa001q.tjx.com,22
SSHFTP,425307953,MPP PA/TM1 Stage - lnx1atmpa10s,Merchandise Planning PA/TM1 Stage (lnx1atmpa10s),lnx1atmpa10s-vip.tjx.com,22
SSHFTP,926608368,MRM_Non-prod,,sftp.mrm.co.uk,22
SSHFTP,510023606,MSF1VAFS01D,,MSF1VAFS01D,2022
Share,850085432,msf1vbpc01q,,\\msf1vbpc01q\Download,corp\TJXASVC-SFTP
Share,758053905,msf1vbpc01q_Share_SA-INT-BOS_NP,This host will be used transferring the OLS files for Business Acumen,\\msf1vbpc01q,SA-INT-BOS-NP
SSHFTP,268512827,msf1vesb53d - OpenSSH,,msf1vesb53d.corp.tjxcorp.net,22
Share,420171819,msf1vesb54t,,\\msf1vesb54t,
SSHFTP,923144093,msf1vesb54t_SSH,msf1vesb54t_SSh,MSF1VESB54T.corp.tjxcorp.net,22
SSHFTP,241789401,MSF1VFTP01T,,msf1vftp01t,22
SSHFTP,524483341,MSF1VFTP04P,,msf1vftp04p,22
SSHFTP,233135067,MSF1VSAS01D_DEV,MSF1VSAS01D_DEV,MSF1VSAS01D,22
SSHFTP,278137964,NA_C360_Talend-Dev,Note - ----> Pwd expires on 01/21/2021,ltlnd001d.tjx.com,22
SSHFTP,422172136,NA_C360_Talend-QA,Note - ----> Pwd expires on 04/25/2023,ltlnd001q.tjx.com,22
SSHFTP,369351329,NA_C360_Talend-QA Clone,Note - ----> Pwd expires on 04/25/2023,ltlnd001q.tjx.com,22
SSHFTP,287509596,NA_C360_Talend-QA_V8,Note - ----> Pwd expires on 04/25/2023 for V8,ltlnd002q.tjx.com,22
SSHFTP,363431982,NA_SFTP_C360_NonProd,NA C360 SFTP source host,ftstst.tjx.com,22
SSHFTP,270282793,nathan_test_ssh,nathan grant test,DEV400,22
SSHFTP,136228061,New ACE Platform,,ldgmdt001q.tjx.com,22
SSHFTP,480150198,NEW RPAS On-Prem Server lmpr001d,NEW RPAS On-Prem Server lmpr001d,lmpr001d,22
SSHFTP,912216663,NewRev,,13.65.209.9,9901
SSHFTP,504962004,nfsnp.corp.tjxcorp.net- MOM,NFSNP SSH Host created for MOM,nfsnp.corp.tjxcorp.net,22
Share,580272231,nfsnp_Share_SA-MOM-NAS-MIAE-NP_NP,NAS Drive access for MOM Applications,\\nfsnp.corp.tjxcorp.net\ifs\NWA2ISX01D,SA-MOM-NAS-MIAE-NP
Share,387060403,novar_host,,\\wnovus002p,
SSHFTP,406638181,Nulogx Test,W1nnt45t!,ftp.nulogx.com,22
SSHFTP,955143273,Nulogx Test Clone,W1nnt45t!,ftp.nulogx.com,22
SSHFTP,108584277,OEBS- el1q1cn07-applmic,EBSMDM2 Host,172.16.141.217,22
SSHFTP,707063136,OEBS- el1q1cn08-applmic,,172.16.141.218,22
SSHFTP,394692681,OEBS-el1q1cn04,Inbound Files (OEBS to TJX),172.16.141.207,22
SSHFTP,831628509,OEBS-el1q1cn04-applmic,Oracle EBS server,172.16.141.207,22
SSHFTP,263172932,OEBS-el1q1cn05,OEBS appaluat,172.16.141.215,22
SSHFTP,674051073,OEBS-el1q1cn05 applmic,OEBS applmic,172.16.141.215,22
SSHFTP,937813108,OEBS-el1q1cn05 Clone,OEBS appaluat Clone,172.16.141.215,22
SSHFTP,646487008,OEBS-el1q1cn05-Dev,OEBS ebsDev,172.16.141.215,22
SSHFTP,842188889,OEBS-el1q1cn08,EBSCNV,el1q1cn08,22
SSHFTP,208128669,Oracle Cloud-tjxc1-dev-rpasee-sftp.oracleindustry.com,tjxc1-dev-rpasee-sftp.oracleindustry.com created for RPAS to CWIP POC,tjxc1-dev-rpasee-sftp.oracleindustry.com,22
SSHFTP,869054662,Oracle Cloud-tjxc1-stage-rpasee-sftp.oracleindustry.com,tjxc1-stage-rpasee-sftp.oracleindustry.com created for RPAS to CWIP POC,tjxc1-stage-rpasee-sftp.oracleindustry.com,22
SSHFTP,149687727,Oracle Cloud-tjxc2-dev2-rpasee-sftp.oracleindustry.com,tjxc2-stage-rpasee-sftp.oracleindustry.com created for RPAS to CWIP POC,tjxc2-dev2-rpasee-sftp.oracleindustry.com,22
SSHFTP,336463564,Oracle Cloud-tjxc3-dev3-rpasee-sftp.oracleindustry.com,tjxc3-dev3-rpasee-sftp.oracleindustry.com created for RPAS to CWIP POC,tjxc3-dev3-rpasee-sftp.oracleindustry.com,22
SSHFTP,241776756,PandA_Test_Server,Intelligrated Print and Apply Test Server,DSTMAR1MC4BL01P,22
SSHFTP,909694826,PCM NonProd,Bottomline PCM NP SSH,pcmtestftp.bottomline.com,22
Share,407053738,Portal Flash - Dev,Portal Flash - Dev,\\wtha001d,
Share,746632460,Portal Flash - UAT,Portal Flash - UAT environment,\\wtha001q,
SSHFTP,283337462,PRPayCards(External Vendor Wisely),,sdgcl.adp.com,22
SSHFTP,454877425,Reflexis-NonProd,Reflexis Host used for TM1 SFTP File Transfer,sftpexternal.reflexisinc.com,22
SSHFTP,182562900,ReturnMgmt Appriss Inbound,Inbound Files (Appriss to TJX) Host:66.161.20.75 Port: 22 Password: fUA!unVQC6,66.161.20.75,22
SSHFTP,973121785,RMS_DEV_lnx1armsna11c.tjx.com,RMS dev server,lnx1armsna11c.tjx.com,22
SSHFTP,938150792,RMS_EU_VIP_STG,RMS EU Stage Server VIP - rmsstg-sftp.tjxeurope.com,rmsstg-sftp.tjxeurope.com,22
SSHFTP,303430320,RMS_QA_lnx1armsna01q.tjx.com,RMS_QA_test server,lnx1armsna01q.tjx.com,22
SSHFTP,754089062,RMS_Stage_rmscastg-sftp.tjx.com,RMS Stage server,rmscastg-sftp.tjx.com,22
Share,208250543,Roll Forwards Shared Location,Roll Forwards Shared Location - msf1vpfs02p\Global Accounting\Test,\\msf1vpfs02p.corp.tjxcorp.net,corp\tjxasvc-sftp
SSHFTP,414538148,RPAS EU & HomeGoods Non-Prod - aeplan001q,RPAS EU & HomeGoods Non-Prod - aeplan001q,aeplan001q.tjx.com,22
SSHFTP,332309494,RPAS Marshalls & HomeGoods Dev - aix1amplan01d,RPAS Marshalls & HomeGoods Dev - aix1amplan01d,aix1amplan01d.tjx.com,22
SSHFTP,628283570,RPAS Marshalls & HomeGoods QA - aix1amplan24q,RPAS Marshalls & HomeGoods QA - aix1amplan24q,aix1amplan24q.tjx.com,22
SSHFTP,485082978,RPAS Marshalls Dev - aix1amplan03d,RPAS Marshalls Dev - aix1amplan03d,aix1amplan03d.tjx.com,22
SSHFTP,406000753,RPAS Marshalls QA/Parallel - aix1amplan08q,RPAS Marshalls QA/Parallel Region - aix1amplan08q,aix1amplan08q.tjx.com,22
SSHFTP,248938552,RPAS Marshalls Stage - aix1amplan11s-vip,RPAS Marshalls Stage - aix1amplan11s-vip,aix1amplan11s-vip.tjx.com,22
SSHFTP,408222639,RPAS Marshalls Stage WhatIf - aix1amplan15s,RPAS Marshalls Stage WhatIf - aix1amplan15s,aix1amplan15s.tjx.com,22
SSHFTP,339795377,RPAS MMX & HomeGoods PERF - aix1amplan05f,"RPAS Marshalls, TJMaxx & HomeGoods PERF - aix1amplan05f",aix1amplan05f.tjx.com,22
SSHFTP,481332545,RPAS TJMaxx & HomeGoods QA - amplan001q,RPAS TJMaxx & HomeGoods QA - amplan001q,amplan001q.tjx.com,22
SSHFTP,265796328,RPAS TJMaxx & HomeGoods Stage - amplan001s,RPAS TJMaxx & HomeGoods Stage - amplan001s,amplan001s.tjx.com,22
SSHFTP,687390720,RPAS TJMaxx & HomeGoods Stage - amplan002s,RPAS TJMaxx & HomeGoods Stage - amplan002s,amplan002s.tjx.com,22
SSHFTP,798349071,RPAS TJMaxx Dev - amplan002d,RPAS TJMaxx Dev - amplan002d,amplan002d.tjx.com,22
SSHFTP,386855163,RPAS-lmpr001s,,lmpr001s,22
SSHFTP,547640420,Sakon_NonProd_Host,Sakon_Telecom_Vendor,sftp.mobilemanager.net,22
SSHFTP,220441054,sample,,filegateway.us.hsbc.com,22
SSHFTP,288486111,SAMPLE HOST,Updated Version of the Host,ABCD.COM,22
SSHFTP,131743887,Sandbox_QA,,tjxftp.sandboxstudio.com,22
SSHFTP,441784790,Sandbox_Stage,,assets.creativedrive.com,22
SSHFTP,580746805,Sandbox_Stage_02,-,sftp-prd.creativedrive.com,22
SSHFTP,280548286,SAP - Test,65.221.8.45 sftp8.sapsf.com,sftp8.sapsf.com,22
SSHFTP,346094236,SC Logic,SC Logic external vendor,Intrajobs.sclintra.com,22
SSHFTP,991480528,ServiceChannel_Non_Prod,,dev1sftp.servicechannel.com,22
SSHFTP,548762007,sftp-bel.workjam.com,WorkJam SFTP Server (used for non-prod and prod),34.77.172.179,22
SSHFTP,554343925,sftp-prd.creativedrive.com,,sftp-prd.creativedrive.com,22
SSHFTP,345928284,sftp.coherentpath.com,,sftp.coherentpath.com,22
SSHFTP,353402489,SFTP_MEDALLIA_INBOUNBD_NONPROD,,filestash.sea1.medallia.com,22
SSHFTP,189643226,Shoppertrak SFTP Server,Shoppertrak SFTP Server,data.shoppertrak.com,22
SSHFTP,782898337,Sievo_TestHost,Sievo_TestHost,83.150.78.102,22
SSHFTP,530741203,Silverpop - Customer Campaign,Username: file.transfer@tjx.silverpop.com,transfer5.silverpop.com,22
Share,353942233,SIMS,,\\MSF1VSIM01D\SIMS\SIMSCurrent,corp\tjxasvc-sftp
Share,621638800,SIMS DEV server,,\\WAT1VAPP31D,
Share,392489848,Siteminder-MSF1_NonProd,Siteminder_Reflexis_Access and Siteminder_ServiceChannel_Access,\\msf1vstm04s.corp.tjxcorp.net,Corp\SA-STMNDR-FTP-DEV
Share,629532267,smbnp.corp.tjxcorp.net_Isilon_Dev,This server is using FY24 - Tech Life Cycle Mgmt MIA transferes,\\smbnp.corp.tjxcorp.net\Flash Sales QA,SA-FLASHSALE-INT-NP
Share,452812687,smbp.corp.tjxcorp.net,\\smbp.corp.tjxcorp.net - Canada WMI_Actual File transfer.,\\smbp.corp.tjxcorp.net\Kronos_CAN\Kronos_CA_Prod\WMI_PROD_HOURS_EXPORT\OUTPUT,
Share,185975974,smbp.corp.tjxcorp.net _Isilon_Prod,Created for Flashsales file transfer,\\172.16.35.223\ifs\data,SA-FLASHSALE-INT-P
SSHFTP,986064154,SMG,,ftps.servicemanagement.com,22
SSHFTP,929810500,SNS_AIIM_Server,Target Server for AIIM,andersonoxford.exavault.com,22
SSHFTP,960720952,SNS_Astra-stg-sftp.syfbk.com,,astra-stg-sftp.syfbk.com,8022
SSHFTP,322285238,SNS_FRA1VFTP01P - Oracle/ERP,,fra1vftp01p.corp.tjxcorp.net,22
Share,857584697,SNS_STORE_ATTRITION,Host for SNS_STORE_ATTRITION,\\172.23.15.178\storeops\Attrition_Monthly,CORP\SA-SFTP-STR-PROF-NP
Share,534926509,SNS_STP_SALES_HOST,Host to pull STP file for Thread Flash,\\10.1.72.88\eCommReports\Outbound,CORP\SA-SNS-SFTP-STP-NP
Share,608595349,SNS_TJXC_TENDER,SNS_TJXC_TENDER,\\aro1sfps04p\fsmshare\fsm-gacct\Cash Accounting\Reporting & Analysis\Daily Tender Report,TJXASVC-SFTP@TJX.com
Share,458528048,StoreCENTER_WFSC001D_DEV,WFSC001D_DEV,\\WFSC001D\csvstore,SA-STRCNTR-BOOMI-QA
Share,635121095,StoreCenter_WFSC002Q_QA,StoreCenter QA host,\\WFSC002Q,CORP\SA-STRCNTR-BOOMI-QA
SSHFTP,335969698,Stored Value Solutions -Test,,ftp.test.storedvalue.com,10022
SSHFTP,877587414,StoreValueService-SFTP-Prod,,sftp.storedvalue.com,22
SSHFTP,623042291,Success Factors - Test,65.221.8.45 sftp8.sapsf.com,sftp8.sapsf.com,22
SSHFTP,305568499,SVS-Test,SVS Test Server,testsftp.storedvalue.com,22
SSHFTP,476604576,Synchrony Astra,,astra-stg-sftp.syfbk.com,8022
Share,306089184,T4GMarkdown,,\\Msf1vsql13t\ftp,dpaul2
SSHFTP,308095056,Talend - Dev,Note ----> Pwd expires on 06/21/2021---,ltlnd001d,22
SSHFTP,587610927,Talend - Dev_SA-BOOMI-MIA-DEV_,Note ----> Pwd expires on 06/21/2021---,myhostserver.net,22
SSHFTP,644272940,Talend - Dev_SA-BOOMI-MIA-DEV_STG,Note ----> Pwd expires on 06/21/2021---,myhostserver.net,22
SSHFTP,288390716,Talend - Dev_V8,Talend 8 server Host development.,ltlnd005d,22
SSHFTP,844916070,Talend - QA,Note - ----> Pwd expires on 01/10/2023,ltlnd001q,22
SSHFTP,403545723,Talend - QA -NegativeTest,Note - ----> Pwd expires on 01/21/2021,ltlnd001q1,22
SSHFTP,681661342,Talend - QA Test,Note - ----> Pwd expires on 01/21/2021,ltlnd001q,22
SSHFTP,821419732,Talend - QA_V8,Note - ----> Pwd expires on 01/10/2023 cloned for V8,ltlnd002q,22
SSHFTP,344924814,Talend - Stage,,ltlnd001s,22
SSHFTP,101786635,Talend - Stage TestAccnt,,ltlnd001s,22
SSHFTP,750735837,Talend - Stage2,,ltlnd001s,22
Share,573948160,Talend Stage,,\\nfsnp.corp.tjxcorp.net\ifs\NWA2ISX01D\talendNAS_ltlnd001s\Projects,tjxfts
SSHFTP,616014906,Talend8-SNS-QA-tjxfts,This is for SNS MIA Task use the account tjxfts,ltlnd002q,22
SSHFTP,613786040,Talend8-SNS-QA-tlndqsop,This is for SNS MIA Task use the account tlndqsop,ltlnd002q,22
SSHFTP,515627625,Talendprod-Tjxfts,,ltlnd001p,22
SSHFTP,163461021,Talendprod-vip,,172.16.41.162,22
SSHFTP,271497907,Test_MIA,,lnx1afts01d,22
Share,809674493,Test_transfer,,\\WSQL040P\FTP_SVS,SA-FTP-FTP01P-NEW
SSHFTP,273947192,tgf-ftp.toll.com.au,,tgf-ftp.toll.com.au,21
SSHFTP,299397484,ThinkLP,,67.208.93.232,22
SSHFTP,712234242,ThinkLpTest,,67.208.93.232,22
SSHFTP,490694704,ThinkLpTest_1,,67.208.93.232,22
SSHFTP,837048560,TJX_Experian,,sftp2.qasemail.qas.com,22
SSHFTP,158989377,TJX_NonProd,TJX Transportation Management System Blue Yonder – PO and Vendor Process Log Archive File Transfer Design,nfsnp.corp.tjxcorp.net,22
Share,745847422,TJX_TMS_Archive_NonProd,TJX Transportation Management System Blue Yonder – PO and Vendor Process Log Archive File Transfer Design,\\nfsnp.corp.tjxcorp.net\ifs,corp\sa-jdatms-mia-ftp
Share,952874946,TJXC Isilon Production server_UNC,,\\MIS1ISI01S.CORP.TJXCORP.NET,SA-MOVEIT-LOGISTICS
SSHFTP,856861966,TJXC-CNR_NONPROD,Target CNR for CNR_MFT File Transfer in Non-prod,mfttest.cn.ca,22
Share,495968805,TJXC-CNR_NONPROD_MAINFRAME_UNC,Source-File transfer from Mainframe to CNR,\\msf1vesb53d\integration_test\SMS_CNR_Test,SA-MOVEIT-CNR-DEV
SSHFTP,150762892,TJXC-CNR_NONPROD_SOURCE,Source-File transfer to CNR,aro1vdev02dm5.tjx.com,22
Share,679459267,TJXE_POS_IMPORT_FOLDER_QA,,\\wkrn004d\Scheduling,
Share,768984993,tkmwdw96,,\\tkmwdw96,corp\tjxasvc-sftp
SSHFTP,820837182,TMS - ACE Digital Dev Host,,lace001d.tjx.com,22
SSHFTP,683973014,TMS - ACE Enterprise Dev Host,,lintfr001d.tjx.com,22
SSHFTP,196444350,TMS - ACE Enterprise QA Host,,lintfr001q.tjx.com,22
SSHFTP,548943907,TMS - ACE Enterprise Stage Host,,lintut001s.tjx.com,22
SSHFTP,596501789,TMS - DataStage - Dev,AIX1AINF03D,aix1ainf03d,22
SSHFTP,546256801,TMS - DataStage - QA,AIX1AINF07Q INFQDSOP,aix1ainf07q,22
SSHFTP,514717740,TMS - JDA QAHost,,Prepb2bgw02.jdadelivers.com,22
SSHFTP,972204912,TMS - JDA StageHost,,prepb2bgw02.jdadelivers.com,22
SSHFTP,188154876,TMS - JDA TestHost,,Prepb2bgw02.jdadelivers.com,22
SSHFTP,818968776,TMS - JDA TestHost with PGP,JDA Host with PGP Encryption,Prepb2bgw02.jdadelivers.com,22
SSHFTP,525247279,TMS - Talend - Dev,Note ----> Pwd expires on 06/21/2021---,ltlnd001d,22
SSHFTP,662934917,TMS - Talend - QA,,ltlnd001q,22
SSHFTP,814821841,TMS - YMS Data - DEV,,test,22
SSHFTP,887617065,TMS -BY-QAHostV2,TMS -BY-QAHostV2,PREPB2BGW02.JDADELIVERS.COM,22
SSHFTP,906472154,TMS Tranzact,Tranzact file transfer from source to Boomi,eft.tranzact.com,22
SSHFTP,571141891,TMS_Inbound_FileToFile_TEST,,lboomi003t,22
SSHFTP,775815947,TMS_Inbound_FileToQueue_DEV,,lboomi003d,22
SSHFTP,566286639,TMS_Inbound_FileToQueue_TEST,,lboomi003t,22
SSHFTP,783101251,Toll Non-Prod,This host is the non-prod target for the TJX - Australia file transfer project,tgf-sftp-test.tollgroup.com,22
SSHFTP,468165052,Transfer3 Silverpop - 74.121.50.5,Inbound Files (Transfer3silverpop to TJX) Host: transfer3.silverpop.com-74.121.50.5 User: Port: 22 Password: fUA!unVQC6,transfer3.silverpop.com,22
SSHFTP,286870199,TrinTech,,dfwsftp.cadency.trintech.com,22
SSHFTP,776840658,UKG Dimensions,UKG Dimensions (aka Kronos),tjxcompanies-uat-xfr.oss.mykronos.com,22
SSHFTP,767279100,Ultipro,,fe01.ultipro.com,22
SSHFTP,357330300,Ultipro Clone,,fe01.ultipro.com,22
SSHFTP,657857714,Vision_Pilot_NonProd,Vision Pilot Non Prod,tjx-phx.app.logistiview.com,22
SSHFTP,753601300,WageWorks,Wage Works External Vendor,ftp.wageworks.com,22
Share,373788476,wat1vapp31d,ESC-Archival Server for IAT,\\wat1vapp31d\TJXFTPROOT\TM1,
Share,354418168,wat1vdat01p Appriss Reticketing,Source for reticketing data,\\wat1vdat01p\Groups\TJXE_Ticketmaker,
Share,483072445,wat1vdat21t Appriss Staging,Staging folder for data file used by Appriss,\\Wat1vdat21t\Appriss,
SSHFTP,738941111,Wat1vdat21t EU ECOM TEST,Wat1vdat21t EU ECOM TEST,WAT1SISL01P-SMB.tkmaxx.tjxcorp.net,22
SSHFTP,913051579,WAT1VFTP01P,,WAT1VFTP01P,22
SSHFTP,596700082,wat1vftp01p-testing,,wat1vftp01p.tkmaxx.tjxcorp.net,22
Share,782018474,wat1vftp01p-testTM1,,//wat1vftp01p/APT/Inbound,srvc-wat1vtm101t
Share,426932819,WAT1VKRN11D,Kronos TEST server,\\Wat1vkrn11d,SA-KRONOS-MOVEIT-T
SSHFTP,754309089,WATF400,,WATF400.corp.tjxcorp.net,22
SSHFTP,766389111,WCA_Non Prod,Whalley Computer Associates - an external vendor which generates the inventory files and is consumed by ServiceNow,74.92.6.164,22
Share,722655069,werg001d,DEV Email Registrations API Host,\\Werg001d\D,
Share,670939826,werg001s\C360Files,,\\werg001s\C360Files,
Share,220008876,wfsmig025p,wfsmig025p - PREPROD Server for TKMWDW96 MIGRATION,\\wfsmig025p,wfsmftp
SSHFTP,485048644,wftp002p_Test,,172.30.51.60,22
SSHFTP,793072003,wftp003p_Test,,wftp003p,22
Share,388650326,wlpxcl001q,wlpxcl001q - IBM Cloud PoC MPP,\\wlpxcl001q\File_Transfers,
Share,976265769,wmia001t,,\\WMIA001T,SA-MOVEIT-ADMIN-TEST
Share,172532357,wmia002t,,\\WMIA002T,SA-MOVEIT-ADMIN-TEST
SSHFTP,155746776,Woburn Geek+,Woburn Geek+ Server,172.28.30.138,22
SSHFTP,444002763,Workjam SFTP server,Workjam SFTP server,sftp-bel.workjam.com,22
SSHFTP,379123368,WorkJam SFTP Server for Kronos Scheduling,,sftp-bel.workjam.com,22
SSHFTP,655543369,WorldPay_Inbound QA,Inbound Files (Worldpay to TJX) Host: qamft.ftpsllc.com User: TJMXSFTP Port: 22 Password: fUA!unVQC6,64.57.156.131,22
Share,217940478,ws2sqlrpt1q.stp.local,,\\ws2sqlrpt1q.stp.local,corp\tjxasvc-sftp
SSHFTP,114372730,wsftp001d (DMZ) - ftstst.tjx.com,,ftstst.tjx.com,22
SSHFTP,625067520,wsftp001p (DMZ) - fts.tjx.com,,fts.tjx.com,22
SSHFTP,440284189,WSLOC001D - Dev,APT source server,WSLOC001D,22
Share,417403949,WSLOC003S,,\\WSLOC003S,corp\tjxasvc-sftp
Share,279417343,WSLOC003S NAC360,,\\WSLOC003S\RegistrationsFeed,corp\SA-NAC360-MIA-NP
Share,385474728,WSNMID002P,WSNMID002P - ServiceNow Mid Server,\\WSNMID002P\SHARES,corp\SA-WSNMID002P-NProd
Share,333570960,WSNMID002P_C$,,\\wsnmid002p.corp.tjxcorp.net\C$\ServiceNow,SA-WSNMID002P-NProd
Share,762055374,WSNMID002P_NonProd,,\\WSNMID002P.corp.tjxcorp.net,
Share,428173319,WSQFTE001D,,\\wsqfte001d\POEMData,CORP\TJXASVC-POEM-QA
SSHFTP,488544696,WSQFTE001D_SSH,WSQFTE001D_SSH,wsqfte001d.corp.tjxcorp.net,22
Share,107919840,wsql062p_mapped,wsql062p_mapped,\\WSQL062P\Shared\SCANFiles,
SSHFTP,413070369,WTLMUTL01D,,WTLMUTL01D,22
Share,273247999,wtlmutl02d,NON PROD TL wtlmutl02d,\\wtlmutl02d,tjxtlm
SSHFTP,328533378,XPO,XPO is the carrier responsible for moving goods from GB to Ireland. This file is for XPO to assist in doing export declaration of merchandise.,business-rec.xpo.com,22
SSHFTP,203697991,XPO Test,XPO is the carrier responsible for moving goods from GB to Ireland. This file is for XPO to assist in doing export declaration of merchandise.,b2buk-rec.xpo.com,22
SSHFTP,134634312,XPO_Test_Env2,XPO is the carrier responsible for moving goods from GB to Ireland. This file is for XPO to assist in doing export declaration of merchandise(only for verification),business-int.xpo.com,22
