name,qa,prod
"S.NO","1","2"
"Environment","QA","Prod"
"Product Domain","Supply Chain Distribution Legacy & BI Analytics","EU Supply Chain"
"Transfer Data Type","","binary"
"Encryption/Decryption Required","N","N"
"Encryption/Decryption Type","NA","NA"
"Day and Time of Transfer","Run Daily Sunday to Saturday at 7:00 AM","Run Daily Sunday to Saturday at 7:00 AM"
"Predecessor Job and/or Time","",""
"Source Server","\\FRA1SFPS05P\Transcepta","\\MEL1VFSS01D"
"Source Protocol","Share","Share"
"Source Host","\\FRA1SFPS05P.corp.tjxcorp.net\Transcepta","\\MEL1VFSS01D"
"Source Port","corp\tjxasvc-sftp","corp\tjxasvc-sftp"
"Source Folder","/tjx/azureNAS/data/edw/apt/output/TJM_APT_GRP_DISC_SLS_20240225.psv.gz","/tjx/azureNAS/data/edw/apt/output/TJM_APT_GRP_DISC_SLS_20240225.psv.gz"
"Source File Name/Dataset","",""
"Source Authentication Type","",""
"Source Authentication Service Account","",""
"File Disposition (After Transfer)","","delete"
"Target Server","\\FRA1SFPS05P\Transcepta","\\mis1isi01s"
"Target Protocol","Share","Share"
"Target Host","\\FRA1SFPS05P.corp.tjxcorp.net\Transcepta","\\mis1isi01s"
"Target Port","corp\tjxasvc-sftp","corp\tjxasvc-sftp"
"Target Folder Name","/TJXESB/data/vendors/APT_internal_external_encrypt_decrypt/outbound/prd/TJM_APT_GRP_DISC_SLS_20240225.psv.gz","/TJXESB/data/vendors/APT_internal_external_encrypt_decrypt/outbound/prd/TJM_APT_GRP_DISC_SLS_20240225.psv.gz"
"Target File Name","","NA"
"Target Authentication Type","",""
"Target Authentication Service Account","",""
"MIA Task Name","TemplateName_Field1_Field2_Field3_Field4_Field5_Field6_Field7","TemplateName_Field1_Field2_Field3_Field4_Field5_Field6_Field7"
"File Exist Action","","error"
"Comments","",""
"Frequency","Yearly","Biweekly"