name,qa,prod
"S.NO","1","2"
"Environment","QA","Prod"
"Product Domain","EU Supply Chain","Corp Finance"
"Transfer Data Type","",""
"Encryption/Decryption Required","N","N"
"Encryption/Decryption Type","NA","NA"
"Day and Time of Transfer","Run Weekly on Monday at 6:00 AM","Run Weekly on Monday at 6:00 AM"
"Predecessor Job and/or Time","",""
"Source Server","\\MEL1VFSS01D","\\Lnx1dntza06p"
"Source Protocol","Share","Share"
"Source Host","\\MEL1VFSS01D","\\Lnx1dntza06p"
"Source Port","corp\tjxasvc-sftp","tjxfts"
"Source Folder","//'PK.SA.KSA2702W'","//'PK.SA.KSA2702W'"
"Source File Name/Dataset","",""
"Source Authentication Type","",""
"Source Authentication Service Account","",""
"File Disposition (After Transfer)","",""
"Target Server","",""
"Target Protocol","",""
"Target Host","",""
"Target Port","",""
"Target Folder Name","/TJXESB/data/vendors/reconnetsaas/outbound/prd/HSERIAL.DAT","/TJXESB/data/vendors/reconnetsaas/outbound/prd/HSERIAL.DAT"
"Target File Name","",""
"Target Authentication Type","",""
"Target Authentication Service Account","",""
"MIA Task Name","",""
"File Exist Action","",""
"Comments","",""
"Frequency","Run Weekly on Monday at 6:00 AM","Run Weekly on Monday at 6:00 AM"