name,qa,prod
"S.NO","1","2"
"Environment","QA","Prod"
"Product Domain","Stores - Workforce Mgmt","Stores - Workforce Mgmt"
"Transfer Data Type","","ASCII"
"Encryption/Decryption Required","N","N"
"Encryption/Decryption Type","NA","NA"
"Day and Time of Transfer","Requested  Monthly:  Usually on the third Thursday of the month","Requested  Monthly:  Usually on the third Thursday of the month"
"Predecessor Job and/or Time","",""
"Source Server","Sakon_NonProd_Host","aix1aiib20p - IIB PROD"
"Source Protocol","SSHFTP","SSHFTP"
"Source Host","sftp.mobilemanager.net","aix1aiib20p-vip.tjx.com"
"Source Port","22","22"
"Source Folder","PN.PR.NPR3231M","PN.PR.NPR3231M"
"Source File Name/Dataset","",""
"Source Authentication Type","",""
"Source Authentication Service Account","",""
"File Disposition (After Transfer)","","leave"
"Target Server","Allocadia","AIX1AINF27S - DataStage Stage"
"Target Protocol","SSHFTP","SSHFTP"
"Target Host","incoming-na.allocadia.com","aix1ainf27s"
"Target Port","22","22"
"Target Folder Name","//smbp.corp.tjxcorp.net/Kronos_WFC/KRONOS_US_PROD/SCHEDULE_BUDGET_IMPORT/INCOMING/","//smbp.corp.tjxcorp.net/Kronos_WFC/KRONOS_US_PROD/SCHEDULE_BUDGET_IMPORT/INCOMING/"
"Target File Name","","STBDG_08.CSV"
"Target Authentication Type","",""
"Target Authentication Service Account","",""
"MIA Task Name","TemplateName_Field1_Field2_Field3_Field4_Field5_Field6_Field7","TemplateName_Field1_Field2_Field3_Field4_Field5_Field6_Field7"
"File Exist Action","","overwrite"
"Comments","",""
"Frequency","Requested  Monthly:  Usually on the third Thursday of the month","Requested  Monthly:  Usually on the third Thursday of the month"