﻿Type,ID,Name,Desc,host/unc,subdetail
Share,502775365,\\fra1isx01p.corp.tjxcorp.net,,\\fra1isx01p.corp.tjxcorp.net,corp\tjxasvc-sftp
Share,484563595,\\fra1isx01p\MMX_MKT_MARKET\CUSTOMER360\CDW\ACXIOM_REPORT,,\\fra1isx01p\MMX_MKT_MARKET\CUSTOMER360\CDW\ACXIOM_REPORT,corp\TJXASVC-SFTP
Share,777951181,\\fra1vfps07p,,\\fra1vfps07p,Corp\tjxasvc-sftp
Share,178124291,\\fra1vfps07p NAC360,,\\fra1vfps07p.corp.tjxcorp.net\Customer_360\CDW,SA-MIA-NADDM-PRD
Share,990272565,\\ham1vfss01p,UKECOMMERCE Image server,\\ham1vfss01p,SA-MoveIt-ECOMDIG-P
Share,914902449,\\Lnx1dntza06p,,\\Lnx1dntza06p,tjxfts
Share,584215009,\\MEL1VFSS01D,,\\MEL1VFSS01D,corp\tjxasvc-sftp
Share,273907191,\\mis1isi01s,,\\mis1isi01s,corp\tjxasvc-sftp
Share,287043323,\\msf1vesb53d EUC360,,\\msf1vesb53d\integration_test\CUSTOMER360\CDW\Unica_EU\Unica_outbound,
Share,476748932,\\msf1vesb53d NAC360,,\\msf1vesb53d\integration_test\CUSTOMER360\CDW\Unica\Unica_outbound,
Share,251460925,\\msf1vesb56p EUC360,Accessing files in 56p server for EUC360,\\172.16.28.54\Customer_360,SA_UNICA_EU_C360_PRD
Share,930144868,\\msf1vesb56p NAC360,,\\msf1vesb56p\Customer_360\CDW\Unica,SA_UNICA_NA_C360_PRD
Share,685007814,\\msf1vesb56p NAC360_Sierra_Busfeed,Host for pulling files from 56p server to Customer360,\\msf1vesb56p\Customer_360\CDW,SA_UNICA_NA_C360_PRD
Share,519892120,\\msf1vfts01p,\\msf1vfts01p,\\msf1vfts01p,corp\TJXASVC-SFTP
Share,953041279,\\MSF1VPFS02P,\\MSF1VPFS02P Windows File share,\\MSF1VPFS02P,CORP\SA-APPRISS-CA-PROD
Share,693587403,\\MSF1VPFS02P\Appriss\AdhocFileTransfer\PROD,\\MSF1VPFS02P ThinkLP Windows File share,\\MSF1VPFS02P\Appriss\AdhocFileTransfer\PROD,CORP\SA-APPRISS-CA-PROD
Share,809732090,\\msf1vpfs02p_Global Accounting,,\\msf1vpfs02p.corp.tjxcorp.net,corp\tjxasvc-sftp
Share,822831359,\\nfsp.corp.tjxcorp.net,,\\nfsp.corp.tjxcorp.net,corp\tjxasvc-sftp
Share,670970148,\\smbp.corp.tjxcorp.net,\\smbp.corp.tjxcorp.net Kronos US/CA NAS Drive,\\smbp.corp.tjxcorp.net,CORP\SA-KRONOS-MOVEIT-PRD
Share,127241695,\\SMBP.CORP.TJXCORP.NET\SQL_Prod_Backups\Sirish_DontDelete,,\\SMBP.CORP.TJXCORP.NET\SQL_Prod_Backups\Sirish_DontDelete,corp\pra00129
Share,410321369,\\stp-report26.stp.local Share,,\\stp-report26.stp.local,corp\SA-MoveIt-ECOMDIG-P
Share,327834558,\\syd3vfss01p,,\\syd3vfss01p.corp.tjxcorp.net,corp\TJXASVC-SFTP
Share,137553662,\\SYD3VFSS01P\Preticketing,,\\SYD3VFSS01p.corp.tjxcorp.net\Preticketing,
Share,594369807,\\TKMWDW96\TJXFTPROOT,UKECOMMERCE (EU-Digital),\\TKMWDW96\TJXFTPROOT,SA-MoveIt-ECOMDIG-P
Share,459556129,\\WAL1VFSS01P\Public\Manifest Scans\Manifest Export,,\\WAL1VFSS01P\Public\Manifest Scans\Manifest Export,tjxasvc-sftp
Share,300275670,\\wat1sfsm01p,,\\172.30.52.87\tjx_loyalty,SA-MIA-DDM-PRD
Share,101830186,\\WAT1SFSM01P[Loyalty],Parent Folder to TJXE Loyalty Portal Server,\\WAT1SFSM01P\Groups\TJX_Loyalty\PROD\Mozido,corp\tjxasvc-sftp
Share,193458644,\\WAT1VCUS01P,WAT1VCUS01P,\\wat1vcus01p\InBound\Staging\Company1,corp\tjxasvc-sftp
Share,162043357,\\wat1vdat01p\IT\Cognizant\SVS file,,\\wat1vdat01p\IT\Cognizant\SVS file,corp\pra00129
Share,907013723,\\wat1vdat21p IAT Archival,,\\wat1vdat21p,
Share,455972279,\\wat1vdat21p Kronos,,\\172.30.51.90,corp\SA-KRONOS-MOVEIT-PRD
Share,265183072,\\wat1vdat21p.tkmaxx.tjxcorp.net,UKECOMMERCE_Report Server,\\wat1vdat21p\Ecommerce,SA-MoveIt-ECOMDIG-P
Share,564037191,\\Wat1vdat21t Kronos EU UAT,\\Wat1vdat21t Kronos EU UAT,\\Wat1vdat21t,corp\SA-KRONOS-MOVEIT-QA
Share,756186190,\\wat1vfss03p,\\wat1vfss03p,\\wat1vfss03p.tkmaxx.tjxcorp.net,corp\TJXASVC-SFTP
Share,294709653,\\WAT1VFSS03P\European Development\Restrictions Report,,\\WAT1VFSS03P\European Development\Restrictions Report,corp\TJXASVC-SFTP
Share,413140622,\\wat1vidm03p,,\\wat1vidm03p\rivo,corp\tjxasvc-sftp
Share,988421708,\\wbtm001p,,\\wbtm001p,corp\tjxasvc-sftp
Share,444042817,\\WLPXCL001P,,\\WLPXCL001P\LP_print,corp\TJXASVC-SFTP
Share,920937973,\\WPFS001P\Shared_Services,,\\wpfs001p.corp.tjxcorp.net\Shared_Services,corp\tjxasvc-sftp
Share,778113776,\\wpvis001p\Transcepta,,\\wpvis001p.corp.tjxcorp.net\Transcepta,corp\TJXASVC-SFTP
Share,564756521,\\wsievo001p,\\wsievo001p sievo connector sever,\\wsievo001p,SA-MOVEIT-EBT-NP
Share,678534033,\\wsnmid001p - Prod,,\\wsnmid001p\LUCERNEX OUTBOUND,tjxasvc-sftp
Share,420104358,\\WSNMID001P\SHARES,,\\WSNMID001P\SHARES,tjxasvc-sftp
Share,254888290,\\WSQL051P,,\\WSQL051P\eCommReports,tjxasvc-sftp
Share,391100704,Accounts Payable-WAT1VFSS01P,,\\wat1vfss01p.tkmaxx.tjxcorp.net,Corp\tjxasvc-sftp
SSHFTP,725696637,ACE13-DGT-PROD-Utility,ACE13 digital full repository utility server,ldgtfr001p.tjx.com,22
SSHFTP,590189007,ACE13-ENT-PROD-Utility,ACE13 enterprise full repository server,lesbfr001p.tjx.com,22
SSHFTP,331132241,ACE13-SCM-PROD-Utility,ACE13 supply chain full repository utility server,lscmfr001p.tjx.com,22
SSHFTP,465637287,ACI,,www.aciftp.com,22
SSHFTP,228968508,Acoustics,Acoustics Marketing,transfer-campaign-us-5.goacoustic.com,22
SSHFTP,321932948,Acxiom Inbound,Inbound Files (Acxiom to TJX) Host: sfgext.acxiom.com User: 8915ttyu Port: 22 Password: fUA!unVQC6,sfgext.acxiom.com,22
SSHFTP,891008383,Acxiom Outbound,Userid: 1789xrku Password:st2$adreGa sftp://sfgext.acxiom.com,sfgext.acxiom.com,22
SSHFTP,520280012,ADP Payroll Production (PSSTJXpPSSsftp),,filetransfer1.adp.com,22
Share,887542087,Afaria-Prod,,\\wafs001p\rws\production\Software\webpc\RecalledItems,tjxasvc-afaria-prod
Share,813253975,Afaria_Client_Tktmkr_Prd,,\\wafs002p.Store.tjxcorp.net,SA-AFARIA-FTS-PROD@TJX.COM
SSHFTP,377006853,AgilOne,,sftp2.agilone.com,22
SSHFTP,261333048,aix1aiib20p - IIB PROD,,aix1aiib20p-vip.tjx.com,22
SSHFTP,327403313,AIX1AINF03D - DataStage Dev,AIX1AINF03D,aix1ainf03d,22
SSHFTP,457492596,AIX1AINF07Q - DataStage QA,AIX1AINF07Q INFQDSOP,aix1ainf07q,22
SSHFTP,842072016,AIX1AINF15P - DataStage Prod,AIX1AINF15P INFPDSOP,aix1ainf15p,22
SSHFTP,428736038,aix1ainf15p.tjx.com,,aix1ainf15p.tjx.com,22
SSHFTP,631783933,aix1ainf15p.tjx.com New,,aix1ainf15p.tjx.com,22
SSHFTP,962039500,AIX1AINF27S - DataStage Stage,AIX1AINF27S INFSDSOP,aix1ainf27s,22
SSHFTP,340320542,aix1amplan11s-vip,,172.16.130.85,22
SSHFTP,676796681,aix1amplan17p-vip.tjx.com,,172.16.30.16,22
SSHFTP,565122831,Allocadia,,incoming-na.allocadia.com,22
SSHFTP,313533396,Alpi - 40.115.17.18 - Test,40.115.17.18 old 51.144.241.128,40.115.17.18,22
SSHFTP,516067964,Alpi - 51.144.241.128- Prod,40.115.17.18 old 51.144.241.128,40.115.17.18,22
SSHFTP,672254201,ALPI-FTP,SFTP for ALPI,pjftp.westeurope.cloudapp.azure.com,22
SSHFTP,643658345,ALPI_FTP,,pjftp.westeurope.cloudapp.azure.com,22
SSHFTP,380516201,AMEX,URL: fsgateway.aexp.com User Name: TJXEUROPEGRRCN Password: TsTkH3sY new: w36qnHMQZ Folders: /outbox – folder to download files from /sent – archive of previously downloaded files File Name(s): TJXEUROPEA60027.GRRCN.YYmmddHHmmss,fsgateway.aexp.com,22
SSHFTP,372341043,Amzzon-Sales_prod,,Amazon.com,22
SSHFTP,178508218,andersonoxford.exavault.com,,andersonoxford.exavault.com,22
SSHFTP,999389315,APLL,,b2bconnect-uat.apllogistics.com,22
SSHFTP,192099395,APLL_TJXC_PROD,,org-transporter.apllogistics.com,22
SSHFTP,502200353,apllogistics,,b2bconnect.apllogistics.com,22
SSHFTP,959855598,apllogistics-EU-supplychain,This is specific to EU Supply chain IAT,b2bconnect.apllogistics.com,22
SSHFTP,397904692,Appriss - Australia,,us01-prod-sftp.apprissretailcloud.com,22
SSHFTP,849944514,Appriss - Returns Management Non Prod,,sftp.irv.apprissretail.com,22
SSHFTP,179890776,Appriss - Returns Management_USPROD,,sftp.irv.apprissretail.com,22
SSHFTP,628437394,Appriss - Returns ManagementProd,,66.161.18.30,22
SSHFTP,199253213,Appriss - Returns ManagementProd-Get,Appriss Returns Mangement file pull.,66.161.20.75,22
SSHFTP,205603611,Appriss - Returns ManagementProd-TJXC,,sftp.irv.apprissretail.com,22
SSHFTP,458137614,Appriss - Returns ManagementProd-TJXC-old,,sftp.irv.apprissretail.com,22
SSHFTP,656766671,APT,204.132.63.119 jM6BqD7y9 208.45.140.230 sP2*3kSk$QSx8a5C,208.45.140.230,22
SSHFTP,899743212,APT_LEGACY,,72.166.25.200,22
SSHFTP,641451273,APT_PROD,,208.45.140.230,22
SSHFTP,345053860,APT_Prod_72.166.25.200,,72.166.25.200,22
SSHFTP,914255830,APTMastercard,,72.166.25.200,22
SSHFTP,579854876,APTMastercard1,APT Destination Server for TM1 Files Transferred from wat1vftp01p,72.166.25.200,22
SSHFTP,312866223,AR01LAWP - WMI (VSS) Production,Winner$8 Winners8 WINners5,ARO1LAWP.TJX.COM,22
SSHFTP,879573362,ARO1BFTP01P,,ARO1BFTP01P,22
SSHFTP,949297291,"ARO1BFTP01P - WMI (RIL, Prod)",,ARO1BFTP01P,22
SSHFTP,963524371,ARO1BFTP01P - WMI (SupplyReq-Prod),@47%Uw91#,ARO1BFTP01P,22
SSHFTP,331014654,aro1bftp01p.corp.tjxcorp.net,,aro1bftp01p.corp.tjxcorp.net,22
SSHFTP,457295678,aro1bftp01p.corp.tjxcorp.net-new,,aro1bftp01p.corp.tjxcorp.net,22
SSHFTP,557630295,ARO1LAWD - Lawson - DEV,,ARO1LAWD.TJX.COM,22
SSHFTP,242129612,ARO1LAWP - Lawson - Prod,,ARO1LAWP.TJX.COM,22
SSHFTP,730465333,astra-dev-sftp.syfbk.com,,astra-dev-sftp.syfbk.com,8022
SSHFTP,456706295,astra-prd-sftp.syfbk.com,,astra-sftp.syfbk.com,9022
SSHFTP,800478868,astra-prd-sftp.syfbk.com-New,,astra-sftp.syfbk.com,3022
SSHFTP,294796363,ATG-HomeGoods,sftp1.prd.homegoods.com,10.122.20.11,22
SSHFTP,333307713,ATG-MARSHALLS,sftp1.prd.marshalls.com,10.121.131.25,22
SSHFTP,485042616,ATG-MARSHALLS-V1.0,ATG Marshalls RHEL8,10.121.131.27,22
SSHFTP,909090978,ATG-TJMAXX,sftp1.prd.tjmaxx.com,10.121.3.233,22
SSHFTP,672414956,ATG-TJMAXX DR,sftp1.prd.tjmaxx.com,72.3.214.1,22
SSHFTP,816812344,ATG-TJMAXX-V1.0,RHEL8 upgrade,10.121.3.51,22
SSHFTP,852083571,BankOfAmericaProd,,b2b32.bankofamerica.com,22
SSHFTP,335201362,BankofAmericaUAT,Bank of American UAT,b2b02u.bankofamerica.com,22
SSHFTP,206942195,BCBS,,sftp.bluecrossma.com,22
SSHFTP,667141308,BG_Bloomfield_Server,Berkshire Grey - Prod Server - Bloomfield,172.29.204.218,22
SSHFTP,987984737,BG_Evansville_Server,Berkshire Grey - Prod Server - Worcester,172.27.28.138,22
SSHFTP,944887447,BG_Phoenix_Server,Berkshire Grey - Prod Server - Phoenix,172.19.88.202,22
SSHFTP,295876752,BG_Worcester_Server,Berkshire Grey - Prod Server - Worcester,172.26.90.218,22
Share,157451376,BizTest,,\\wbztlk001d\D$,mwa10
SSHFTP,730169703,Bloomberg,Bloomberg - sftp.bloomberg.com- Production server,sftp.bloomberg.com,22
SSHFTP,803568369,BnyMellon Bank Prod,,FTX-SERVSH.bnymellon.com,22
SSHFTP,801538473,BnyMellon Bank Test,TJXC001T,test-FTX-SERVSH.bnymellon.com,22
SSHFTP,458595892,Boomi Prod,Boomi Production NAS,hipservices.tjx.com,22
SSHFTP,988027732,Boomi_MIT_Test,,lboomi001p,22
SSHFTP,122720215,BOOMI_TMS_PROD,,hipservices-tms.tjx.com,22
SSHFTP,781820735,BOOMI_TMS_PROD(migrated),,hipservices-tms.tjx.com,22
SSHFTP,788954300,Bureau of Labor - Prod - ERP,,BLSsFTP.BLS.GOV,22
SSHFTP,719018114,BuyATab-Prod,,35.162.254.90,22
SSHFTP,739144391,BuyAtab-UAT,,34.211.59.128,22
SSHFTP,982038371,BY_TMS_FOM_Stage,Non Prod TMS Stage host,prepb2bgw02.jdadelivers.com,22
SSHFTP,690307748,C2FO-US-OracleEP,,ftp.c2fo.com,3022
SSHFTP,160912927,C2FO-US-OracleEP_SSH_tjxexpense,C2FO-US-OracleEP_SSH_tjxexpense,sftp.c2fo.com,3022
Share,207136710,Cactus Production,Cactus File Drive,\\172.16.35.184\Cactus,CORP\SA-MIACTC-ADMIN-PROD
SSHFTP,672901081,Carevalidate,,sftp.carevalidate.com,22
SSHFTP,131741315,CassInfo,,ftp.cassinfo.com,22
SSHFTP,651934564,CassInfo CA,,ftp.cassinfo.com,22
SSHFTP,649199837,CassInfo UK,,ftp.cassinfo.com,22
SSHFTP,614771807,CassInfo US,,ftp.cassinfo.com,22
SSHFTP,537344211,ChasePaymentTech - Production,,206.253.180.220,22
SSHFTP,899082642,ChasePaymentTech - Production Clone,,206.253.184.220,22
Share,107624106,Chx1vxfs01p_Share_SA-MoveIt-ECOMDIG-P,UKECOMMERCE Content Image server,\\Chx1vxfs01p,SA-MoveIt-ECOMDIG-P
SSHFTP,619222397,CIC - ERP - Authfile,Y+b62yH#M5,sftp.cicplus.com,22
SSHFTP,910175931,CIC - ERP - Year End W2s and ACA,64.135.153.84 192.138.0.84 ip changing 11/15/2014 to 159.100.218.64/26,sftp.cicplus.com,22
SSHFTP,477424467,Civil Recovery - Zellman Group,11/1/12 old host= 65.206.45.42 New host 5/5/17 dropoff.zellmangroup.com Old host 5/5/17 65.51.69.117,dropoff.zellmangroup.com,22
SSHFTP,767462724,CloudBridge-Prod,,tjxcbprod.ap1.cloudbridge.qubix.com,22
SSHFTP,789358777,CloudBridge-Test,,tjxcbdev.ap1.cloudbridge.qubix.com,22
SSHFTP,758210368,Coherent_PROD,sftp.coherentpath.com,sftp.coherentpath.com,22
SSHFTP,885449638,Conversa Health,,tjmaxx-exports.s-sftp.conversahealth.com,22
SSHFTP,559071959,CorporateCostControl,External Vendor.,ees-sftp.experian.com,22
SSHFTP,645010575,CorporateCostControl-bkp,External Vendor.,184.154.66.240,22
SSHFTP,653151120,CounselLink,,cleoproxy.counsellink.net,22
SSHFTP,369818747,Countwise,,sftp1.countwise.com,2426
SSHFTP,798766535,Countwise-Stores-CA,,sftp1.countwise.com,2426
SSHFTP,597250813,Countwise_APT,,sftp1.countwise.com,2426
SSHFTP,691875486,CreativeDrive,Sandbox Vendor for US Ecommerce,assets.creativedrive.com,22
SSHFTP,714899045,Damco Prod,Site: sftp.tradinggrid.gxs.com Port: 22 Username: DAMCP_TJX_SFTP Password: cr@_EGabU8As dA8Udrar,sftp.tradinggrid.gxs.com,22
SSHFTP,557895833,Damco Test,Site: sftp.betagrid.gxs.com Port: 22 Username: DAMCP_TJX_SFTP Password: password,sftp.betagrid.gxs.com,22
SSHFTP,599108565,DataBox (Treuhand),,databox.vrg.de,22
SSHFTP,187853664,DataScan,,ftp.datascanlp.com,22
SSHFTP,724770540,DBDI-UAT_ssh,,demo.sftp.dbdirect.connect.db.com,8005
SSHFTP,114358689,DELL Server_DEV,,mftob.dell.com,22
SSHFTP,981671447,Descaretes,,comsrv.pcstrac.com,22
SSHFTP,947901255,Descartes - Prod - Alfred Sau,216.241.125.110 - new IP,ftp.customsinfo.com,22
SSHFTP,333704600,Descartes_Prod,Descartes_Prod ftp.customsinfo.com,ftp.customsinfo.com,22
SSHFTP,166702944,Descartes_SMS,,www.myvan.descartes.com,22
SSHFTP,270604694,DHL - IAT,,ftpprd.tjxeu-traffic.com,22
SSHFTP,981402260,DHL - IAT1,Host: ftptst.tjxeu-traffic.com Port: 52052 IP: 46.231.85.2,ftptst.tjxeu-traffic.com,52052
SSHFTP,844088608,DSB-PROD-Utility,,ldsbut001p-vip,22
SSHFTP,906981260,EBS-RMSCO,,moveit.ebsrmsco.com,22
SSHFTP,660175873,EDA_APPRISS_CANADA_NON_PROD,,us01-prod-sftp.apprissretailcloud.com,22
SSHFTP,728543312,EDA_APPRISS_REPORTS_PROD_HOST,,us01-prod-sftp.apprissretailcloud.com,22
SSHFTP,429970253,EDA_APPRISS_TJXC_PROD_HOST,,us01-prod-sftp.apprissretailcloud.com,22
SSHFTP,437424679,EDA_APPRISS_USA_PROD_HOST,,us01-prod-sftp.apprissretailcloud.com,22
Share,118488344,EDA_SNS_ECR_HOST,for Ecomm Returns,\\172.23.15.172,CORP\SA-SNS-SFTP-ECR
Share,886489174,EDA_wat1vdat21p,,\\wat1vdat21p.tkmaxx.tjxcorp.net\data\ecommerce\hybristotkmaxx\reports,corp\tjxasvc-sftp
SSHFTP,126921539,EDA_Weather,,ftp.aes.accuweather.com,22
SSHFTP,246678627,EDA_WeatherSource Clone,Mapr Edge Team - Source for Weather data file pulls,ftp.aes.accuweather.com,22
SSHFTP,587948537,EDI400,,172.16.250.40,22
SSHFTP,869769204,EdiAdmin - Production,ca3tw7,ddsedi.ediadmin.com,22
SSHFTP,710629375,EDIStage,EDI PILOT,172.16.126.30,22
SSHFTP,105487427,EOM - lnx1awms22p,,172.16.41.126,22
SSHFTP,197769233,EOM -- lnx1awms23p,,172.16.41.127,22
SSHFTP,317775255,Ernst & Young,wr4oqimpmo,gossft.ey.com,22
SSHFTP,399102408,Ernst & Young (New) SSH,Changed 5/16/18 hp266t9rjy,gossft.ey.com,22
SSHFTP,331175105,EU360_SFTP_NonProd,EU 360 SFTP source host,ftstst.tjx.com,22
SSHFTP,776364345,EU360_SFTP_Prod,,fts.tjx.com,22
SSHFTP,400419619,EU360_Talend_Prod,} ' *,talendprod-vip,22
SSHFTP,582444675,EU360_Talend_Prod Clone_SSH,} ' *,ltlnd001p,22
SSHFTP,356590707,EU360_Talend_Prod_CHG0121417,} ' *,ltlnd001p,22
SSHFTP,606916541,EU_SFTP_360,EU 360 SFTP source host,fts.tjx.com,22
Share,531672703,EUC360_UT,,\\msf1vfps10p\users-cognizant\swa00013\MIA_Test,swa00013
SSHFTP,201283520,Everbridge target,Everbridge server,sftp-aws-us2.everbridge.net,22
SSHFTP,694539469,EverTec (Puerto Rico Lotto),Evertec new IP address configured on Nov 2022,64.178.216.146,22
SSHFTP,511086839,EverTec (Puerto Rico Lotto) - Clone,Times out,64.178.213.18,22
SSHFTP,925995195,Expeditors,P01MMMIBHC2100IN,data.b2bp.expeditors.com,22
Share,167925260,Expense Payable-WAT1SFSM01P,,\\wat1sfsm01p.tkmaxx.tjxcorp.net,Corp\tjxasvc-sftp
SSHFTP,320875376,EY Netherlands - Prod,,gossft-emeia.ey.com,22
SSHFTP,732385546,filegateway.us.hsbc.com,,filegateway.us.hsbc.com,22
SSHFTP,249562067,Fineline-Prod,,ftp.finelineglobal.com,22
SSHFTP,705483204,First Advantage - Esteem_Test,ty6#Bf@s9 transfer.fadv.com,transfer.fadv.com,11022
SSHFTP,940833420,FirstAdvantage - Esteem,Cr%d8Bt,b2b.fadv.com,11022
SSHFTP,403207529,FirstAdvantage - Esteem_new,,b2b.fadv.com,11022
SSHFTP,823017842,FM Employee,,ftp.resourcescheduler.com,22
SSHFTP,366441394,FM System,Cubicle information,Files.fmshosted.com,22
SSHFTP,285844289,FM System_old,Cubicle information,files.tjx.fmshosted.com,22
SSHFTP,801082054,FM Systems Prod (W00001567_SFTP),Connection to FM Systems,files.fmshosted.com,22
SSHFTP,747238654,FootFall,st.uk.experian.com new ip address 212.73.213.213 changing 6/29 iftemea.tycofs.com,iftemea.tycofs.com,22
SSHFTP,556659549,FRA1BFTP01P - Mainframe,,fra1bftp01p,22
SSHFTP,805329671,FRA1BFTP01P - Mainframe Clone,,fra1bftp01p,22
SSHFTP,730607995,FRA1BFTP01P - Moveit,,fra1bftp01p,22
Share,147949914,FRA1BFTP01P-UNC,SMS_CNR,\\fra1bftp01p\SMS_CNR,SA-MOVEIT-CNR-PROD
SSHFTP,396216565,FRA1BFTP01P_SMS_CNR,,fra1bftp01p,22
SSHFTP,410456896,FRA1VFPS07P,,fra1vfps07p,22
Share,297117808,FRA1VFTP01P,This is for Equifax replacement project.,\\fra1vftp01p.corp.tjxcorp.net,corp\tjxasvc-sftp
SSHFTP,694745302,FRA1VFTP01P - Oracle/ERP,,fra1vftp01p,22
SSHFTP,884904326,FRA1VFTP01P - Oracle/ERP(migrated),,fra1vftp01p.corp.tjxcorp.net,22
SSHFTP,625067520,FRA1VFTP04Z (DMZ) - fts-old.tjx.com,,fts-old.tjx.com,22
SSHFTP,465573631,FreshRelevance,,filetransfer.cartcontents.com,22
SSHFTP,915320355,ftp.finelineglobal.com-Prod,,ftp1.finelineglobal.com,22
SSHFTP,760264886,ftp.hartehanks.com,,ftp.hartehanks.com,22
SSHFTP,809557330,ftp.hartehanks.com NAC360,ftp.hartehanks.com NAC360,ftp.hartehanks.com,22
SSHFTP,269077390,ftp3.c2fo.com,,ftp3.c2fo.com,3022
SSHFTP,640953654,ftps.servicemanagement.com,,ftps.servicemanagement.com,22
SSHFTP,756759638,Fujitsu,216.226.164.211 New Prod: 156.79.103.61 New Test:,gs.fai.fujitsu.com,22
SSHFTP,174076229,Fujitsu - TEST,216.226.164.211 New Prod: 156.79.103.61 New Test:,gs.fai.fujitsu.com,22
SSHFTP,521798008,FWTX400,,FWTX400,22
SSHFTP,883358669,GE (GEntran) - Prod,Times out - 199.181.101.214 199.181.101.114,199.181.101.114,22
SSHFTP,892770380,GE (GEntran) - TEST,Times out - 199.181.101.214 199.181.101.114 tjx_rcfuse,199.181.101.113,22
SSHFTP,220871329,GlobalWMS_TJXE_WMS_HOST_PROD,WMS stoke,wmstoke.tjx.com,22
SSHFTP,952423996,Goodway Group,cHA2a=eg,173.166.39.182,22
SSHFTP,802635068,Great West Life,,secure.gwl.ca,22
SSHFTP,140401310,GSB-PROD,,lintut001p-vip.tjx.com,22
SSHFTP,348831213,HART Systems,,ftp.hartsystems.com,22
SSHFTP,563579263,HART Systems ZRS,YearEndInv - HART - Yearend Support,secure.zebrainventory.com,22
SSHFTP,484689981,HarteHanks - Production,,ftp.hartehanks.com,22
SSHFTP,453444606,HarteHanks - Production -C15773,,ftp.hartehanks.com,22
SSHFTP,849029988,HarteHanks - Production -Clone,,ftp.hartehanks.com,22
SSHFTP,346207529,HarteHanks WYG,,ftp.hartehanks.com,22
SSHFTP,388819623,Health Equity - PROD,,secureftp.healthequity.com,22
SSHFTP,153349939,Health Equity - PROD Clone,,sftp.healthequity.com,22
SSHFTP,273358012,HomeGood APT,,72.166.25.200,22
SSHFTP,872726099,HSBC-VBO-Payment Transfer,,ecom-sftp.fguk.hsbc.com,10022
Share,916484134,HypEPMAProd,,\\smbpkfa.corp.tjxcorp.net\EPMA_Prod,corp\tjxasvc-sftp
SSHFTP,835266072,Hyperion,,152.67.105.228,22
SSHFTP,379104445,Hyperion-lnx1aehyp05p,,172.16.41.44,22
SSHFTP,565075043,Hyperion-lnx1aehyp06p Clone,,172.16.41.18,22
SSHFTP,362566634,Hyperion1,,152.67.105.228,22
SSHFTP,119846974,IBM TM1 Cloud,,sftp-na.planning-analytics.ibmcloud.com,22
SSHFTP,142720817,IBM TM1 Cloud Clone New,,sftp-na.planning-analytics.ibmcloud.com,22
SSHFTP,459120606,IIB ESB Prod,Provide information to ESB prod server,aix1aiib20p-vip.tjx.com,22
SSHFTP,386831681,IntelligentReach,UK ECOM Product export to IntelligentReach 3rd party system,sftp.intelligentreach.com,22
SSHFTP,665819029,intelligentreach.exavault.com,intelligentreach.exavault.com- EU-Digital(UK-ECOM),intelligentreach.exavault.com,22
SSHFTP,760450196,ITMR4 Host - Descartes,Preproduction system: wwwtest1.myvan.descartes.com Production system: www.myvan.descartes.com,ftp.myvan.descartes.com,22
SSHFTP,469886976,ITMR4 Host - Descartes Test,Preproduction system: wwwtest1.myvan.descartes.com Production system: www.myvan.descartes.com,wwwtest1.myvan.descartes.com,22
SSHFTP,126730841,Ivalis,old ip 92.103.103.132,94.23.24.43,22
SSHFTP,898463047,JPMorgan - Production Payroll,transmissions.jpmorgan.com 159.53.84.67 159.53.53.130 159.53.96.166,transmissions.jpmorgan.com,22
SSHFTP,745245109,JPMorgan - Production Payroll Clone,transmissions.jpmorgan.com 159.53.84.67 159.53.53.130 159.53.96.166,transmissions.jpmorgan.com,22
SSHFTP,651869197,JPMorgan - TJXUKJPM,transmissions.jpmorgan.com 159.53.84.67 159.53.53.130 159.53.96.166,transmissions.jpmorgan.com,22
SSHFTP,469699115,Keybank - Prod,sftp.tradinggrid.gxs.com sft2.keybank.com rA6Ewrex,sftp.tradinggrid.gxs.com,22
SSHFTP,445479518,Keybank - Test,bUsPuk7r,sftp.betagrid.gxs.com,22
SSHFTP,547820430,LASV400,,LASV400,22
SSHFTP,535902041,Lawson - Dev,,ARO1LAWD,22
SSHFTP,410377796,linfsp001p - Datastage11.7-PROD,,infosphereprod-vip.tjx.com,22
SSHFTP,507618433,lmpr001p-RPAS,,lmpr001p,22
SSHFTP,194362205,lnx1afts01d,tjx-esb-fts-dev tjx-esb-fts-tst tjx-esb-fts-qa,lnx1afts01d,22
SSHFTP,802150983,lnx1afts01d test,tjx-esb-fts-dev tjx-esb-fts-tst tjx-esb-fts-qa,lnx1afts01d,22
SSHFTP,596054977,lnx1afts02p,tjx-esb-fts-dev tjx-esb-fts-tst tjx-esb-fts-qa lnx1afts02p tjx-esb-fts-prd tjx-esb-fts-prd,172.16.38.94,22
SSHFTP,730568380,lnx1afts02p(migrated),,lnx1afts02p,22
SSHFTP,166237415,lnx1apos14p,lnx1apos14p,lnx1apos14p,22
SSHFTP,637248663,lnx1atmpa10s.tjx.com,,172.16.123.8,22
SSHFTP,121391339,Lnx1dntza06p,,Lnx1dntza06p,22
SSHFTP,152018547,lnx1dntza06p -Netezza,172.16.38.49,lnx1dntza06p,22
SSHFTP,888599545,lnx1dntzc09d,lnx1dntzc09d,lnx1dntzc09d,22
SSHFTP,128400892,LNX1Z1BDCE05P - MapR Prod,LNX1Z1BDCE05P INFPDSOP,LNX1Z1BDCE05P,22
SSHFTP,155913007,LNX1Z1BDCE05P - MapR Prod Customer,LNX1Z1BDCE05P INFPDSOP MKTGPSOP,LNX1Z1BDCE05P,22
SSHFTP,221238637,LNX1Z1BDCE05P - MapR Prod UKloyalty,LNX1Z1BDCE05P lltypsop,LNX1Z1BDCE05P,22
SSHFTP,620730603,lnx1z1bdce11q,,lnx1z1bdce11q,22
SSHFTP,886983353,lnx1z1bdee01p,,lnx1z1bdee01p.tjx.com,22
SSHFTP,164665109,LNXPARFLX09 - Reflexis App - Prod,,LNXPARFLX09,22
SSHFTP,205435810,Logistics_Acuitive,,ftp.acuitivesolutions.com,22
SSHFTP,128731072,ltlnd001p,,ltlnd001p.tjx.com,22
SSHFTP,441348714,ltlnd001p EU,,ltlnd001p.tjx.com,22
SSHFTP,313355505,ltlnd001p EU Clone_SSH,,ltlnd001p.tjx.com,22
SSHFTP,555884606,lucernex - NonProd,,sftp-tjx-train.lucernex.com,3222
SSHFTP,548793650,lucernex - Prod,,sftp-tjx.lucernex.com,22
SSHFTP,894969791,lwmeuw003p -- WPL PRD,,lwmeuw003p,22
SSHFTP,628283616,Mainframe_CPUD_For_US_Logistics_TLS_PROD,,cpua.tjx.com,2021
Share,230523588,MaprMig_msf1vbpc01q,msf1vbpc01q - MaprEdge Team - for Payroll files,\\msf1vbpc01q\Outbound\MMX_Payroll,corp\tjxasvc-sftp
SSHFTP,261868310,MardenKane - WYG,4dingzPVnnTe,sftp.mardenkane.com,22
SSHFTP,912666523,Marsh - (Hemant Shah),,eft-prd.mgti.mmc.com,22
SSHFTP,334503707,MassDOR-Prod,New Hire reporting to MassDOR-Prod,secft.dor.state.ma.us,444
SSHFTP,872367245,MASSDOR-Vendor,,secure.dor.state.ma.us,22
Share,411498532,MDM PROD Server,,\\msf1bhyp01p\TJX_DRM\MDM\data\DRM_interfaces\outbound\mdseh\t001\tjxe,corp\tjxasvc-sftp
SSHFTP,266688454,Medgate - ERP - AHWinners,,sftp.medgate.com,22
SSHFTP,549231869,MEL1VFTP01D - Melbourne WSFTP,,MEL1VFTP01D,22
Share,431166564,Merchpay - msf1vfts01t,,\\msf1vfts01t\vss,CORP\TJXASVC-VSS-DEV
SSHFTP,139822257,MerchPay - rs6dapp121,,rs6dapp121.tjx.com,22
SSHFTP,485644525,Merril Lynch - Prod - ERP,,ftps.b2b.ml.com,22
SSHFTP,378447838,Metlife-New Test,Melife Server,qa.sftp.securemft.metlife.com,22
SSHFTP,780328798,Metlife-Prod,Melife Server,sftp.securemft.metlife.com,22
SSHFTP,316976762,Metlife-Test,Melife Server,extftp.metlife.com,22
SSHFTP,573733753,mftob.dell.com,,mftob.dell.com,22
SSHFTP,162469131,Midland UK Payroll,Citj&0cf,194.168.169.156,22
SSHFTP,332448881,migration-eu.resolver.com,,migration-eu.resolver.com,22
SSHFTP,913889711,Mindshare,,sftp.adverity.com,22
Share,738506905,MIS1ISI01S/SMSRPA,,\\MIS1ISI01S.CORP.TJXCORP.NET\InterDept1\SMSRPA,CORP\SA-MOVEIT-SMSRPA
SSHFTP,414847887,Mondo,M0nDT5$Ftp Account name: tjx_mondo_ftp Password: M0nDT5$Ftp,119.63.217.113,22
SSHFTP,872778910,Mozido,,52.16.133.246,22
SSHFTP,597739277,MPDH MMX & HGHS Non-Prod - ed1q1db02-vip.tjx.com,Merchandise Planning Data Hub (MPDH) - Marshalls/TJMaxx/HomeGoods - Non-Prod,ed1q1db02-vip.tjx.com,22
SSHFTP,907881621,MPDH-MMX-PRD-VIP.tjx.com_SSHFTP_Appmia,Merchandise Planning Data Hub (MPDH) - Marshalls Production,MPDH-MMX-PRD-VIP.tjx.com,22
SSHFTP,317333058,MPP MPDH MMX Prod - ed1p3db07-vip.tjx.com,Merchandise Planning Data Hub (MPDH) - Marshalls/TJMaxx Production,ed1p3db07-vip.tjx.com,22
SSHFTP,954853374,MPP PA/TM1 HGHS Prod - ltmpa003p,Merchandise Planning PA/TM1 HomeGoods-Homesense Prod (ltmpa003p),ltmpa003p.tjx.com,22
SSHFTP,636599995,MPP PA/TM1 Marshalls Prod - lnx1atmpa12p-vip,Merchandise Planning PA/TM1 Marshalls Prod (lnx1atmpa12p-vip),lnx1atmpa12p-vip.tjx.com,22
SSHFTP,510771357,MPP PA/TM1 TJMaxx Prod - ltmpa001p-vip,Merchandise Planning PA/TM1 TJMaxx Prod (ltmpa001p-vip),ltmpa001p-vip.tjx.com,22
SSHFTP,935090275,MPP RPAS Marshalls Prod - aix1amplan17p-vip,Merchandise Planning RPAS Marshalls Prod (aix1amplan17p-vip),aix1amplan17p-vip,22
SSHFTP,518883644,MPP RPAS Marshalls Prod What-If - aix1amplan21p,Merchandise Planning RPAS Marshalls Prod What-If (aix1amplan21p),aix1amplan21p.tjx.com,22
SSHFTP,123815519,MPP RPAS TJMaxx Prod TJM Prod - amplan001p-vip,Merchandise Planning RPAS TJMaxx Prod TJM Prod (amplan001p-vip),amplan001p-vip.tjx.com,22
SSHFTP,885831506,MPP RPAS TJMaxx Prod What-If - amplan003p,Merchandise Planning RPAS TJMaxx Prod What-If (amplan003p),amplan003p.tjx.com,22
SSHFTP,510023606,MSF1VAFS01D,,MSF1VAFS01D,2022
SSHFTP,178167403,MSF1VAFS01P - Afaria,,Msf1vafs01p,2022
Share,968561771,msf1vbpc01p,,\\msf1vBPC01P.corp.tjxcorp.net\Outbound\MMX_Payroll,corp\tjxasvc-sftp
Share,513125317,msf1vbpc01p_Weekly_Carton_Data,Weekly_Carton_Data,\\msf1vBPC01P.corp.tjxcorp.net\Download,corp\TJXASVC-SFTP
SSHFTP,241789401,MSF1VFTP01T,,msf1vftp01t,22
SSHFTP,524483341,MSF1VFTP04P,,msf1vftp04p,22
Share,756593751,msf1vstm04p,,\\msf1vstm04p.corp.tjxcorp.net,tjxasvc-sftp
SSHFTP,882231981,msf1vvor01p,,172.16.40.90,445
SSHFTP,568703083,MUP - RPAS TJXE INTERNAL lmpr001p,,lmpr001p,22
SSHFTP,278137964,NA_C360_Talend-Dev,Note - ----> Pwd expires on 01/21/2021,ltlnd001d,22
SSHFTP,239785491,NA_C360_Talend-Prod,,ltlnd008p,22
SSHFTP,319137603,NA_C360_Talend-Prod(migrated),,ltlnd001p,22
SSHFTP,590608320,NA_C360_Talend-Prod_V8,cloned host for pre-prod testing,ltlnd008p,22
SSHFTP,422172136,NA_C360_Talend-QA,Note - ----> Pwd expires on 01/21/2021,ltlnd001q,22
SSHFTP,363431982,NA_SFTP_C360_NonProd,NA C360 SFTP source host,ftstst.tjx.com,22
SSHFTP,619640584,NA_SFTP_C360_Prod,,fts.tjx.com,22
SSHFTP,418616658,NexRev,,13.65.209.9,9901
Share,690546465,Novar,,\\wnovus002p\SFTP,corp\SA-NOVAROPUS-MIA-P
SSHFTP,828890353,Nulogx,Nulogx PROD SFTP Server *** Please reach out to 'CyberArk Support team for new password**** use below url https://forms.office.com/Pages/ResponsePage.aspx?id=WpRCIrlKMkGEDszhxm4xuwmoBZPV0BNFqH78sTQUgTZUQ0RWOUlYQjBKMjdXUUhGSlYwQjA2SlFWWC4u,ftp.nulogx.com,22
SSHFTP,406638181,Nulogx Test,W1nnt45t!,ftp.nulogx.com,22
SSHFTP,411175245,OCSGateway (UK),79.141.36.59,ftp.ocsgateway.co.uk,22
SSHFTP,263172932,OEBS-el1q1cn05,OEBS appaluat,172.16.141.215,22
SSHFTP,659202294,OEBS-PROD-el1p1cn13,,el1p1cn13.tjx.com,22
SSHFTP,439221066,OEBS-PROD-el1p1cn13-applmic,,el1p1cn13.tjx.com,22
SSHFTP,699375678,OEBS-PROD-el1p1cn14,,el1p1cn14.tjx.com,22
SSHFTP,382115173,OEBS-PROD-el1p1cn14-applmic,,el1p1cn14.tjx.com,22
SSHFTP,208128669,Oracle Cloud-tjxc1-dev-rpasee-sftp.oracleindustry.com,tjxc1-dev-rpasee-sftp.oracleindustry.com created for RPAS to CWIP POC,tjxc1-dev-rpasee-sftp.oracleindustry.com,22
SSHFTP,869054662,Oracle Cloud-tjxc1-stage-rpasee-sftp.oracleindustry.com,tjxc1-stage-rpasee-sftp.oracleindustry.com created for RPAS to CWIP POC,tjxc1-stage-rpasee-sftp.oracleindustry.com,22
SSHFTP,325506268,Oracle Cloud-tjxc2-stage2-rpasee-sftp.oracleindustry.com,tjxc2-stage2-rpasee-sftp.oracleindustry.com created for RPAS to CWIP POC,tjxc2-stage2-rpasee-sftp.oracleindustry.com,22
SSHFTP,668320881,Oracle_SFTP,,tjxc1-rpasee-sftp.oracleindustry.com,22
SSHFTP,132479727,ORRIDGE - YE Inventory vendor,,orridge.ftpuk.net,22
SSHFTP,545182825,PandA_Lordstown,Lordstown Print and Apply Production Server,DSTLOR1BL01P,22
SSHFTP,289103329,PHNX400,,PHNX400,22
SSHFTP,159072542,Plusone Gym Vendor,SFTP changes made on 12Dec2023,ecgpe.healthtechnologygroup.com,22
SSHFTP,230867898,Plusone Gym Vendor Backup 12Dec2023,Old FTP server IP address: 64.20.169.131 New FTP server IP address: 161.249.90.148 Hostname: ftp02.plusone.com New as updated on 3rd jan 2022: Hostname: ftp03.plusone.com IP Address: 161.249.90.158,ftp03.plusone.com,22
SSHFTP,963790019,Plusone Gym Vendor Clone,Old FTP server IP address: 64.20.169.131 New FTP server IP address: 161.249.90.148 Hostname: ftp02.plusone.com,ftp02.plusone.com,22
SSHFTP,132135399,prodb2bgw01.jdadelivers.com,,64.26.250.53,22
SSHFTP,692891788,PRPayCards-Wisely,,filetransfer1.adp.com,22
SSHFTP,840846924,PRPayCards-Wisely Clone,,sdgcl.adp.com,22
SSHFTP,715610689,Rackspace Test,,1129143-tools.tjx.com,22
SSHFTP,303042096,RGIS,,sftp.rgis.com,22
SSHFTP,831645803,RMS_EU_PROD,RMS_EU_PROD,lnx1armseu29p,22
SSHFTP,495921522,RMS_EU_VIP_PROD,RMS_EU_VIP_PROD,rms-sftp.tjxeurope.com,22
SSHFTP,595037367,RMS_Prod_rmsca-sftp.tjx.com,,rmsca-sftp.tjx.com,22
SSHFTP,503575056,RPAS HGHS PROD-amplan004p-vip.tjx.com,,amplan004p-vip.tjx.com,22
SSHFTP,265796328,RPAS TJMaxx & HomeGoods Stage - amplan001s,RPAS TJMaxx & HomeGoods Stage - amplan001s,amplan001s.tjx.com,22
SSHFTP,613870049,RPAS WhatIf HGHS PROD-amplan006p-vip.tjx.com,,amplan006p,22
SSHFTP,386855163,RPAS-lmpr001s,,lmpr001s,22
SSHFTP,810739544,SANA400,,SANA400,22
SSHFTP,755216998,SandBoxStudio,CreativeDrive,assets.creativedrive.com,22
SSHFTP,369334555,SAP - Prod,65.221.8.45 sftp8.sapsf.com,sftp8.sapsf.com,22
SSHFTP,113871026,SAP - Prod Clone,65.221.8.45 sftp8.sapsf.com,sftp8.sapsf.com,22
SSHFTP,280548286,SAP - Test,65.221.8.45 sftp8.sapsf.com,sftp8.sapsf.com,22
SSHFTP,155680260,SC Logic,,Intrajobs.sclintra.com,22
SSHFTP,810099562,SCAN_Atlanta,,ATLA400,22
SSHFTP,519315358,SCAN_Atlanta(migrated),SCAN_Atlanta,ATLA400,22
SSHFTP,549519967,SCAN_Bloomfield,,BLOO400,22
SSHFTP,178913999,SCAN_Bloomfield(migrated),SCAN_Bloomfield,172.29.130.35,22
SSHFTP,878546182,SCAN_Bridgewater,,BRID400,22
SSHFTP,127205966,SCAN_Brownsburg,,BROW400,22
SSHFTP,963145299,SCAN_Carteret,,CART400,22
SSHFTP,130145404,SCAN_Charlotte,,CHAR400,22
SSHFTP,259012960,SCAN_Charlotte(migrated),SCAN_Charlotte,CHAR400,22
SSHFTP,411596961,SCAN_ElPaso,,PASO400,22
SSHFTP,999988152,SCAN_Evansville,Evansville SCAN Production Server,172.27.2.27,22
SSHFTP,434196207,SCAN_Jefferson,,JEFF400,22
SSHFTP,528635482,SCAN_Lordstown,Lordstown SCAN Production Server,LORD400,22
SSHFTP,981442470,SCAN_Philadelphia,,PHIL400,22
SSHFTP,600120531,SCAN_Phoenix,SCAN Phoenix,PHNX400,22
SSHFTP,671138606,SCAN_Pittston,,PITT400,22
SSHFTP,549932037,SCAN_SanPedro,,SANP400,22
SSHFTP,284205640,SCAN_Tuscon,,TUCS400,22
SSHFTP,195651440,SCAN_Woburn,,WOBU400,22
SSHFTP,707979464,SCAN_Worcester,,WORC400,22
SSHFTP,308132028,SCAN_Worcester(migrated),Worcester SCAN Production Server,WORC400,22
SSHFTP,372370118,secure.e-docsuk.co.uk,,secure.e-docsuk.co.uk,22
SSHFTP,914121651,sftp-prd.creativedrive.com,,sftp-prd.creativedrive.com,22
SSHFTP,484413074,sftp-tjx.lucernex.com,SLM backup for data conversion to Lucernex,sftp-tjx.lucernex.com,22
SSHFTP,213631896,sftp.coherentpath.com,,sftp.coherentpath.com,22
SSHFTP,345928284,sftp.coherentpath.com1,,sftp.coherentpath.com,22
SSHFTP,278498186,Sftp1.wca.com (IP : 74.92.6.164),WCA_PROD,74.92.6.164,22
SSHFTP,648130917,sftpgo.feedonomics.com,,sftpgo.feedonomics.com,22
SSHFTP,572684399,sftptjx.reflexisinc.com,,35.230.176.134,22
SSHFTP,608957683,SHOPPERTRAK,,data.shoppertrak.com,22
SSHFTP,156430888,Sierra Health - Production,,SecureGW.Sierrahealth.com,22
SSHFTP,112434248,Sievo_SSH_tjxsftp,Sievo_SSH_tjxsftp,83.150.78.102,22
SSHFTP,638605434,Silverpop,sftp://transfer7.ibmmarketingcloud.com (108.168.255.73) T$ilv3Rp0p,transfer7.ibmmarketingcloud.com,22
SSHFTP,530741203,Silverpop - Customer Campaign,Username: file.transfer@tjx.silverpop.com,transfer-campaign-us-5.goacoustic.com,22
SSHFTP,316363502,Silverpop - Transfer3,,transfer3.silverpop.com,22
SSHFTP,119316089,Silverpop - WYG,Username: TJX.SP.link@tjx.com Password: hcStjP9c=,transfer-campaign-us-5.goacoustic.com,22
Share,185975974,smbp.corp.tjxcorp.net _Isilon_Prod,Created for Flashsales file transfer,\\172.16.35.223\ifs\data,SA-FLASHSALE-INT-P
SSHFTP,106889254,SMG,,ftps.servicemanagement.com,22
SSHFTP,621188349,SMG - Production,,ftps.servicemanagement.com,22
Share,715416113,SNS_TJXC_TENDER,To move TJXC files to business provided location,\\aro1sfps04p\fsmshare\fsm-gacct\Cash Accounting\Reporting & Analysis\Daily Tender Report,TJXASVC-SFTP@TJX.com
Share,839316119,StoreCENTER,StoreCenter prod host,\\WFSC001P,CORP\SA-STRCNTR-BOOMI-P
SSHFTP,623131824,Stored Value Solutions,,ftp.storedvalue.com,10022
SSHFTP,335969698,Stored Value Solutions -Test,,ftp.test.storedvalue.com,10022
SSHFTP,877587414,StoreValueService-SFTP-Prod,,sftp.storedvalue.com,22
SSHFTP,907599831,StoreValueService-SFTP-Test,,testsftp.storedvalue.com,22
SSHFTP,998213702,Success Factors - Prod,65.221.8.45 sftp8.sapsf.com,sftp8.sapsf.com,22
SSHFTP,329246458,Success Factors - Prod Clone,65.221.8.45 sftp8.sapsf.com,sftp8.sapsf.com,22
SSHFTP,623042291,Success Factors - Test,65.221.8.45 sftp8.sapsf.com,sftp8.sapsf.com,22
SSHFTP,765360850,SULE400,SCAN iSeries /AS400,SULE400.corp.tjxcorp.net,22
SSHFTP,179386145,SupplyReq-Prod,,GPO001,22
SSHFTP,206134796,SupplyReqWMI-Prod-New,,mis1isi01s,22
SSHFTP,993484432,SYFBK_TEST,,gentran.syfbk.com,22
Share,784171836,T4GMarkdown_HG,MSF1VSQL64P HG 172.16.24.70,\\msf1vsql64p.corp.tjxcorp.net,corp\tjxasvc-sftp
Share,235787061,T4GMarkdown_MMX,MSF1VSQL65P MMX 172.16.24.71,\\wsql135p.corp.tjxcorp.net\J,corp\tjxasvc-sftp
SSHFTP,844916070,Talend - QA,Note - ----> Pwd expires on 01/10/2023,ltlnd001q,22
SSHFTP,743030568,Talend PROD,,ltlnd001p,22
SSHFTP,479716616,Talend8-SNS-PROD-tjxfts,,ltlnd008p,22
SSHFTP,122034667,Talend8-SNS-PROD-tlndpsop,,ltlnd008p,22
SSHFTP,159618218,Talend8prod-vip,for Talend8 servers,ltlnd008p,22
SSHFTP,515627625,Talendprod-Tjxfts,,ltlnd001p,22
SSHFTP,311324725,Talendprod-vip,,172.16.40.162,22
SSHFTP,510032511,Tangoe - Prod,new 63.240.119.143 eft.tangoe.com,eft.tangoe.com,22
SSHFTP,300457816,ThinkLP,,34.200.192.12,22
SSHFTP,838351899,Tipline,,67.202.192.115,22
SSHFTP,196103925,TJX Australia - WSFTP,,syd3vret01p,22
SSHFTP,592825812,TJX Experian,,sftp.qasemail.qas.com,22
Share,697186202,TJX_TMS_Archive_PROD,TJX Transportation Management System Blue Yonder – PO and Vendor Process Log Archive File (bad) Transfer Design,\\nfsp.corp.tjxcorp.net\ifs,SA-TMS-FTP-PROD
SSHFTP,125780650,TJXC-CNR_PROD,Target: CNR for CNR_MFT File Transfer in prod,mft.cn.ca,22
Share,644266222,TJXC_Isilon_Maxim_PROD,TJX Canada Isilon Home directory for Maxim documents,\\MIS1ISI01S.CORP.TJXCORP.NET\FLD-MIS1ISI01S-INTERDEPT1-TICKETBUREAU-M,SA-MOVEIT-LOGISTICS
SSHFTP,384221190,tjxcbdev-[CloudBridge],,tjxcbdev.ap1.cloudbridge.qubix.com,22
SSHFTP,705777822,tjxcompanies-xfr.oss.mykronos.com,kronos dimension,tjxcompanies-xfr.oss.mykronos.com,22
SSHFTP,538976083,tkm1vapp01p.tkmaxx.tjxcorp.net,EU-ECOM Hybris target,tkm1vapp01p.tkmaxx.tjxcorp.net,22
Share,214073588,tkmwdw96,,\\tkmwdw96,corp\tjxasvc-sftp
SSHFTP,376187237,Toll Australia - WSFTP,,tgf-sftp01.tollgroup.com,22
SSHFTP,904900134,transcepta,,ftp01.transcepta.com,22
SSHFTP,286870199,TrinTech,,dfwsftp.cadency.trintech.com,22
SSHFTP,259564024,Truehand,,transfer.brz-hr.de,22
SSHFTP,529081506,Ultipro - Paybase,,fe01.ultipro.com,22
SSHFTP,768925279,Ultipro- Oracle WMI,,fe01.ultipro.com,22
SSHFTP,808915997,Ultipro-WMI,,fe01.ultipro.com,22
SSHFTP,487605107,USMP-fra1bftp01p,,fra1bftp01p,22
SSHFTP,650945151,USMP-rs6papp921,,rs6papp921,22
SSHFTP,634428805,Vantiv QA,MusT8fud,qamft.ftpsllc.com,22
SSHFTP,490138500,Vision_Atlanta,Vision Atlanta,tjx-atl.platform.logistiview.com,22
SSHFTP,312882208,Vision_Bridgewater,Vision_Bridgewater,tjx-east.sftp.logistiview.com,22
SSHFTP,483561359,Vision_Charlotte,Vision_Charlotte,tjx-clt.platform.logistiview.com,22
SSHFTP,193911828,Vision_Elpaso,Vision El Paso,tjx-elp.platform.logistiview.com,22
SSHFTP,478951813,Vision_Evansville,Vision Evansville,tjx-evn.platform.logistiview.com,22
SSHFTP,369736335,Vision_LasVegas,Vision Las Vegas,tjx-las.platform.logistiview.com,22
SSHFTP,241263308,Vision_Pilot_Prod,tjx-phx.platform.logistiview.com,tjx-phx.platform.logistiview.com,22
SSHFTP,945307354,Vision_SanAntonio,Vision San Antonio,tjx-san.platform.logistiview.com,22
SSHFTP,258226959,Vision_Woburn,Vision_Woburn,tjx-east.sftp.logistiview.com,22
SSHFTP,444816243,Vision_Worcester,Vision_Worcester,tjx-east.sftp.logistiview.com,22
SSHFTP,390422779,WAFS001P - Afaria Production,,wafs001p,2022
SSHFTP,864208394,Wageworks,,ftp.wageworks.com,22
SSHFTP,913051579,WAT1VFTP01P,,WAT1VFTP01P,22
SSHFTP,310749692,WAT1VFTP01P - TJXUK SFTP,,WAT1VFTP01P,22
Share,589776129,wat1vftp01p_TM1,FTP share for TM1 transfers to APT,\\wat1vftp01p,srvc-wat1vtm101p
SSHFTP,451915808,wbtm001p,,172.16.41.108,22
SSHFTP,664552158,Westpac Production,ssiw.qvalent.com,ssiw.qvalent.com,22
SSHFTP,357688242,Westpac UAT,,ssiw.support.qvalent.com,22
Share,296529316,wiama001p,,\\wiama001p,tjxasvc-sftp
SSHFTP,147876841,WIS Intl,,ftp.wisintl.com,22
SSHFTP,154352138,Wisely Prod (TJXacct),Connection to Wisely,filetransfer1.adp.com,22
SSHFTP,909301531,WMI (SupplyReq-Prod),,GPO001,22
SSHFTP,670913875,WMI (SupplyReq-Prod) - New,,GPO001,22
SSHFTP,933116680,WorkJam SFTP Server for Badge File Integration,,sftp-bel.workjam.com,22
SSHFTP,379123368,WorkJam SFTP Server for Kronos Scheduling,,sftp-bel.workjam.com,22
SSHFTP,171488971,WorldPay,MFG_MTCPTJXE,mfg.Worldpay.com,22
SSHFTP,443213105,WorldPay Production,MFG_MTCPTJXE 195.35.90.22 195.35.91.22 mfg.Worldpay.com,195.35.90.22,22
SSHFTP,181837308,WorldPay-mft.ftpsllc.com,,mft.ftpsllc.com,22
SSHFTP,526894110,Worldpay-OneTimeTransfer,,mfg.worldpay.com,22
SSHFTP,851472139,WSFT001P (MoveIT-DMZ) - fts.tjx.com,,fts.tjx.com,22
SSHFTP,709406754,wsftp003p_Test_SSH,,fts.tjx.com,22
Share,481775319,WSIERFS01P.stp.local,,\\WSIERFS01P.stp.local,corp\SA-MoveIt-ECOMDIG-P
Share,242757888,WSLOC003P NAC360,,\\172.16.21.6,corp\SA-NAC360-MIA-PROD
Share,279417343,WSLOC003S NAC360,,\\WSLOC003S\RegistrationsFeed,corp\SA-NAC360-MIA-NP
Share,385474728,WSNMID002P,WSNMID002P - ServiceNow Mid Server,\\WSNMID002P\SHARES,corp\SA-WSNMID002P-NProd
Share,747089078,wsql062p_mapped,Note - ----> Pwd expires on 01/10/2023,\\WSQL062P\Shared\SCANFiles,
SSHFTP,674492462,XPO,,business-rec.xpo.com,22
SSHFTP,860530567,XPO-prod,,b2buk.xpo.com,22
SSHFTP,155183270,XPO-prod old,,business.xpo.com,22
SSHFTP,937870084,Zeta_WYG_NP,,sftp.boomtrain.net,22
SSHFTP,717490788,Zeta_WYG_P,,sftp.boomtrain.net,22
