name,qa,prod
"S.NO","1","2"
"Environment","QA","Prod"
"Product Domain","Stores - Workforce Mgmt","Stores - Workforce Mgmt"
"Transfer Data Type","",""
"Encryption/Decryption Required","N","N"
"Encryption/Decryption Type","NA","NA"
"Day and Time of Transfer","Requested Monthly:  Usually on the third Thursday of the month","Requested Monthly:  Usually on the third Thursday of the month"
"Predecessor Job and/or Time","",""
"Source Server","AIX1AINF03D - DataStage Dev","aix1amplan17p-vip.tjx.com"
"Source Protocol","SSHFTP","SSHFTP"
"Source Host","aix1ainf03d","172.16.30.16"
"Source Port","22","22"
"Source Folder","PA.PR.APR3231M.G0234V00","PA.PR.APR3231M.G0234V00"
"Source File Name/Dataset","",""
"Source Authentication Type","",""
"Source Authentication Service Account","",""
"File Disposition (After Transfer)","",""
"Target Server","aix1aiib02d","ADP Payroll Production (PSSTJXpPSSsftp)"
"Target Protocol","SSHFTP","SSHFTP"
"Target Host","aix1aiib02d","filetransfer1.adp.com"
"Target Port","22","22"
"Target Folder Name","//smbp.corp.tjxcorp.net/Kronos_WFC/KRONOS_US_PROD/SCHEDULE_BUDGET_IMPORT/INCOMING/STBDG_10.CS","//smbp.corp.tjxcorp.net/Kronos_WFC/KRONOS_US_PROD/SCHEDULE_BUDGET_IMPORT/INCOMING/STBDG_10.CS"
"Target File Name","",""
"Target Authentication Type","",""
"Target Authentication Service Account","",""
"MIA Task Name","",""
"File Exist Action","",""
"Comments","",""
"Frequency","Requested Monthly:  Usually on the third Thursday of the month","Requested Monthly:  Usually on the third Thursday of the month"