name,qa,prod
"S.NO","1","2"
"Environment","QA","Prod"
"Product Domain","Data & Tech - EDA_Stores&Selling","Data & Tech - EDA_Stores&Selling"
"Transfer Data Type","","ASCII"
"Encryption/Decryption Required","N","N"
"Encryption/Decryption Type","NA","NA"
"Day and Time of Transfer","Weekly once, every Sunday at 05:00 AM EST.","Weekly once, every Sunday at 05:00 AM EST."
"Predecessor Job and/or Time","",""
"Source Server","\\msf1vesb51p\ACE_SHARE","\\msf1vfts01p"
"Source Protocol","Share","Share"
"Source Host","\\msf1vesb51p\ACE_SHARE","\\msf1vfts01p"
"Source Port","corp\cha00944","corp\tjxasvc-sftp"
"Source Folder","\\smbp.corp.tjxcorp.net\Kronos_CAN\Kronos_CA_Prod\WMI_PROD_HOURS_EXPORT\OUTPUT\WMI_Optimized.csv","\\smbp.corp.tjxcorp.net\Kronos_CAN\Kronos_CA_Prod\WMI_PROD_HOURS_EXPORT\OUTPUT\WMI_Optimized.csv"
"Source File Name/Dataset","",""
"Source Authentication Type","",""
"Source Authentication Service Account","",""
"File Disposition (After Transfer)","","leave"
"Target Server","\\msf1vesb53d","\\msf1vesb56p NAC360"
"Target Protocol","Share","Share"
"Target Host","\\msf1vesb53d","\\msf1vesb56p\Customer_360\CDW\Unica"
"Target Port","","SA_UNICA_NA_C360_PRD"
"Target Folder Name","/tjx/azureNAS/data/edw/payroll/landing/WMI_Optimized20240225_050004.csv","/tjx/azureNAS/data/edw/payroll/landing/WMI_Optimized20240225_050004.csv"
"Target File Name","","WMI_Optimized%CDateFormatString:yyyyMMdd_hhmmss%.csv%"
"Target Authentication Type","",""
"Target Authentication Service Account","",""
"MIA Task Name","MOM_Region_Domain_Internal_Source App Name_DestinationFilename_Target App Name_Environment","MOM_Region_Domain_Internal_Source App Name_DestinationFilename_Target App Name_Environment"
"File Exist Action","","overwrite"
"Comments","",""
"Frequency","Quarterly","Weekly once, every Sunday at 05:00 AM EST."