name,qa,prod
"S.NO","1","2"
"Environment","QA","Prod"
"Product Domain","Enterprise Business Technology (EBT)","MOM"
"Transfer Data Type","","ASCII"
"Encryption/Decryption Required","N","N"
"Encryption/Decryption Type","NA","NA"
"Day and Time of Transfer","Run Monday thru Friday  ","Run Monday thru Friday  "
"Predecessor Job and/or Time","",""
"Source Server","\\FRA1BACR01P",""
"Source Protocol","Share",""
"Source Host","\\FRA1BACR01P",""
"Source Port","corp\tjxasvc-sftp",""
"Source Folder","/edidir/esbpr/FR0002159_20240417100000.TXT","/edidir/esbpr/FR0002159_20240417100000.TXT"
"Source File Name/Dataset","",""
"Source Authentication Type","",""
"Source Authentication Service Account","",""
"File Disposition (After Transfer)","","delete"
"Target Server","\\fra1vfps07p.corp.tjxcorp.net",""
"Target Protocol","Share",""
"Target Host","\\fra1vfps07p.corp.tjxcorp.net",""
"Target Port","corp\TJXASVC-SFTP",""
"Target Folder Name","/TJXDATA/PROD/data/inbound/EDI/FCR_DATA/FR0002159_20240417100000.TXT","/TJXDATA/PROD/data/inbound/EDI/FCR_DATA/FR0002159_20240417100000.TXT"
"Target File Name","","NA"
"Target Authentication Type","",""
"Target Authentication Service Account","",""
"MIA Task Name","",""
"File Exist Action","","overwrite"
"Comments","",""
"Frequency","Run Monday thru Friday  ","Run Monday thru Friday  "